id,country,sentiment
1000,US,positive
1001,US,positive
1002,US,positive
1003,US,positive
1004,US,positive
1005,US,positive
1006,US,positive
1007,US,positive
1008,US,positive
1009,US,positive
1010,US,positive
1011,US,positive
1012,US,positive
1013,US,positive
1014,US,positive
1015,US,positive
1016,US,positive
1017,US,positive
1018,US,positive
1019,US,positive
1020,US,positive
1021,US,positive
1022,US,positive
1023,US,positive
1024,US,positive
1025,US,positive
1026,US,positive
1027,US,positive
1028,US,positive
1029,US,positive
1030,US,positive
1031,US,positive
1032,US,positive
1033,US,positive
1034,US,positive
1035,US,positive
1036,US,positive
1037,US,positive
1038,US,positive
1039,US,positive
1040,US,positive
1041,US,positive
1042,US,positive
1043,US,positive
1044,US,positive
1045,US,positive
1046,US,positive
1047,US,positive
1048,US,positive
1049,US,positive
1050,US,positive
1051,US,positive
1052,US,positive
1053,US,positive
1054,US,positive
1055,US,positive
1056,US,positive
1057,US,positive
1058,US,positive
1059,US,positive
1060,US,positive
1061,US,positive
1062,US,positive
1063,US,positive
1064,US,positive
1065,US,positive
1066,US,positive
1067,US,positive
1068,US,positive
1069,US,positive
1070,US,positive
1071,US,positive
1072,US,positive
1073,US,positive
1074,US,positive
1075,US,positive
1076,US,positive
1077,US,positive
1078,US,positive
1079,US,positive
1080,US,positive
1081,US,positive
1082,US,positive
1083,US,positive
1084,US,positive
1085,US,positive
1086,US,positive
1087,US,positive
1088,US,positive
1089,US,positive
1090,US,positive
1091,US,positive
1092,US,positive
1093,US,positive
1094,US,positive
1095,US,positive
1096,US,positive
1097,US,positive
1098,US,positive
1099,US,positive
1100,US,positive
1101,US,positive
1102,US,positive
1103,US,positive
1104,US,positive
1105,US,positive
1106,US,positive
1107,US,positive
1108,US,positive
1109,US,positive
1110,US,positive
1111,US,positive
1112,US,positive
1113,US,positive
1114,US,positive
1115,US,positive
1116,US,positive
1117,US,positive
1118,US,positive
1119,US,positive
1120,US,positive
1121,US,positive
1122,US,positive
1123,US,positive
1124,US,positive
1125,US,positive
1126,US,positive
1127,US,positive
1128,US,positive
1129,US,positive
1130,US,positive
1131,US,positive
1132,US,positive
1133,US,positive
1134,US,positive
1135,US,positive
1136,US,positive
1137,US,positive
1138,US,positive
1139,US,positive
1140,US,positive
1141,US,positive
1142,US,positive
1143,US,positive
1144,US,positive
1145,US,positive
1146,US,positive
1147,US,positive
1148,US,positive
1149,US,positive
1150,US,positive
1151,US,positive
1152,US,positive
1153,US,positive
1154,US,positive
1155,US,positive
1156,US,positive
1157,US,positive
1158,US,positive
1159,US,positive
1160,US,positive
1161,US,positive
1162,US,positive
1163,US,positive
1164,US,positive
1165,US,positive
1166,US,positive
1167,US,positive
1168,US,positive
1169,US,positive
1170,US,positive
1171,US,positive
1172,US,positive
1173,US,positive
1174,US,positive
1175,US,positive
1176,US,positive
1177,US,positive
1178,US,positive
1179,US,positive
1180,US,positive
1181,US,positive
1182,US,positive
1183,US,positive
1184,US,positive
1185,US,positive
1186,US,positive
1187,US,positive
1188,US,positive
1189,US,positive
1190,US,positive
1191,US,positive
1192,US,positive
1193,US,positive
1194,US,positive
1195,US,positive
1196,US,positive
1197,US,positive
1198,US,positive
1199,US,positive
1200,US,positive
1201,US,positive
1202,US,positive
1203,US,positive
1204,US,positive
1205,US,positive
1206,US,positive
1207,US,positive
1208,US,positive
1209,US,positive
1210,US,positive
1211,US,positive
1212,US,positive
1213,US,positive
1214,US,positive
1215,US,positive
1216,US,positive
1217,US,positive
1218,US,positive
1219,US,positive
1220,US,positive
1221,US,positive
1222,US,positive
1223,US,positive
1224,US,positive
1225,US,positive
1226,US,positive
1227,US,positive
1228,US,positive
1229,US,positive
1230,US,positive
1231,US,positive
1232,US,positive
1233,US,positive
1234,US,positive
1235,US,positive
1236,US,positive
1237,US,positive
1238,US,positive
1239,US,positive
1240,US,positive
1241,US,positive
1242,US,positive
1243,US,positive
1244,US,positive
1245,US,positive
1246,US,positive
1247,US,positive
1248,US,positive
1249,US,positive
1250,US,positive
1251,US,positive
1252,US,positive
1253,US,positive
1254,US,positive
1255,US,positive
1256,US,positive
1257,US,positive
1258,US,positive
1259,US,positive
1260,US,positive
1261,US,positive
1262,US,positive
1263,US,positive
1264,US,positive
1265,US,positive
1266,US,positive
1267,US,positive
1268,US,positive
1269,US,positive
1270,US,positive
1271,US,positive
1272,US,positive
1273,US,positive
1274,US,positive
1275,US,positive
1276,US,positive
1277,US,positive
1278,US,positive
1279,US,positive
1280,US,positive
1281,US,positive
1282,US,positive
1283,US,positive
1284,US,positive
1285,US,positive
1286,US,positive
1287,US,positive
1288,US,positive
1289,US,positive
1290,US,positive
1291,US,positive
1292,US,positive
1293,US,positive
1294,US,positive
1295,US,positive
1296,US,positive
1297,US,positive
1298,US,positive
1299,US,positive
1300,US,positive
1301,US,positive
1302,US,positive
1303,US,positive
1304,US,positive
1305,US,positive
1306,US,positive
1307,US,positive
1308,US,positive
1309,US,positive
1310,US,positive
1311,US,positive
1312,US,positive
1313,US,positive
1314,US,positive
1315,US,positive
1316,US,positive
1317,US,positive
1318,US,positive
1319,US,positive
1320,US,positive
1321,US,positive
1322,US,positive
1323,US,positive
1324,US,positive
1325,US,positive
1326,US,positive
1327,US,positive
1328,US,positive
1329,US,positive
1330,US,positive
1331,US,positive
1332,US,positive
1333,US,positive
1334,US,positive
1335,US,positive
1336,US,positive
1337,US,positive
1338,US,positive
1339,US,positive
1340,US,positive
1341,US,positive
1342,US,positive
1343,US,positive
1344,US,positive
1345,US,positive
1346,US,positive
1347,US,positive
1348,US,positive
1349,US,positive
1350,US,positive
1351,US,positive
1352,US,positive
1353,US,positive
1354,US,positive
1355,US,positive
1356,US,positive
1357,US,positive
1358,US,positive
1359,US,positive
1360,US,positive
1361,US,positive
1362,US,positive
1363,US,positive
1364,US,positive
1365,US,positive
1366,US,positive
1367,US,positive
1368,US,positive
1369,US,positive
1370,US,positive
1371,US,positive
1372,US,positive
1373,US,positive
1374,US,positive
1375,US,positive
1376,US,positive
1377,US,positive
1378,US,positive
1379,US,positive
1380,US,positive
1381,US,positive
1382,US,positive
1383,US,positive
1384,US,positive
1385,US,positive
1386,US,positive
1387,US,positive
1388,US,positive
1389,US,positive
1390,US,positive
1391,US,positive
1392,US,positive
1393,US,positive
1394,US,positive
1395,US,positive
1396,US,positive
1397,US,positive
1398,US,positive
1399,US,positive
1400,US,positive
1401,US,positive
1402,US,positive
1403,US,positive
1404,US,positive
1405,US,positive
1406,US,positive
1407,US,positive
1408,US,positive
1409,US,positive
1410,US,positive
1411,US,positive
1412,US,positive
1413,US,positive
1414,US,positive
1415,US,positive
1416,US,positive
1417,US,positive
1418,US,positive
1419,US,positive
1420,US,positive
1421,US,positive
1422,US,positive
1423,US,positive
1424,US,positive
1425,US,positive
1426,US,positive
1427,US,positive
1428,US,positive
1429,US,positive
1430,US,positive
1431,US,positive
1432,US,positive
1433,US,positive
1434,US,positive
1435,US,positive
1436,US,positive
1437,US,positive
1438,US,positive
1439,US,positive
1440,US,positive
1441,US,positive
1442,US,positive
1443,US,positive
1444,US,positive
1445,US,positive
1446,US,positive
1447,US,positive
1448,US,positive
1449,US,positive
1450,US,positive
1451,US,positive
1452,US,positive
1453,US,positive
1454,US,positive
1455,US,positive
1456,US,positive
1457,US,positive
1458,US,positive
1459,US,positive
1460,US,positive
1461,US,positive
1462,US,positive
1463,US,positive
1464,US,positive
1465,US,positive
1466,US,positive
1467,US,positive
1468,US,positive
1469,US,positive
1470,US,positive
1471,US,positive
1472,US,positive
1473,US,positive
1474,US,positive
1475,US,positive
1476,US,positive
1477,US,positive
1478,US,positive
1479,US,positive
1480,US,positive
1481,US,positive
1482,US,positive
1483,US,positive
1484,US,positive
1485,US,positive
1486,US,positive
1487,US,positive
1488,US,positive
1489,US,positive
1490,US,positive
1491,US,positive
1492,US,positive
1493,US,positive
1494,US,positive
1495,US,positive
1496,US,positive
1497,US,positive
1498,US,positive
1499,US,positive
1500,US,positive
1501,US,positive
1502,US,positive
1503,US,positive
1504,US,positive
1505,US,positive
1506,US,positive
1507,US,positive
1508,US,positive
1509,US,positive
1510,US,positive
1511,US,positive
1512,US,positive
1513,US,positive
1514,US,positive
1515,US,positive
1516,US,positive
1517,US,positive
1518,US,positive
1519,US,positive
1520,US,positive
1521,US,positive
1522,US,positive
1523,US,positive
1524,US,positive
1525,US,positive
1526,US,positive
1527,US,positive
1528,US,positive
1529,US,positive
1530,US,positive
1531,US,positive
1532,US,positive
1533,US,positive
1534,US,positive
1535,US,positive
1536,US,positive
1537,US,positive
1538,US,positive
1539,US,positive
1540,US,positive
1541,US,positive
1542,US,positive
1543,US,positive
1544,US,positive
1545,US,positive
1546,US,positive
1547,US,positive
1548,US,positive
1549,US,positive
1550,US,positive
1551,US,positive
1552,US,positive
1553,US,positive
1554,US,positive
1555,US,positive
1556,US,positive
1557,US,positive
1558,US,positive
1559,US,positive
1560,US,positive
1561,US,positive
1562,US,positive
1563,US,positive
1564,US,positive
1565,US,positive
1566,US,positive
1567,US,positive
1568,US,positive
1569,US,positive
1570,US,positive
1571,US,positive
1572,US,positive
1573,US,positive
1574,US,positive
1575,US,positive
1576,US,positive
1577,US,positive
1578,US,positive
1579,US,positive
1580,US,positive
1581,US,positive
1582,US,positive
1583,US,positive
1584,US,positive
1585,US,positive
1586,US,positive
1587,US,positive
1588,US,positive
1589,US,positive
1590,US,positive
1591,US,positive
1592,US,positive
1593,US,positive
1594,US,positive
1595,US,positive
1596,US,positive
1597,US,positive
1598,US,positive
1599,US,positive
1600,US,positive
1601,US,positive
1602,US,positive
1603,US,positive
1604,US,positive
1605,US,positive
1606,US,positive
1607,US,positive
1608,US,positive
1609,US,positive
1610,US,positive
1611,US,positive
1612,US,positive
1613,US,positive
1614,US,positive
1615,US,positive
1616,US,positive
1617,US,positive
1618,US,positive
1619,US,positive
1620,US,positive
1621,US,positive
1622,US,positive
1623,US,positive
1624,US,positive
1625,US,positive
1626,US,positive
1627,US,positive
1628,US,positive
1629,US,positive
1630,US,positive
1631,US,positive
1632,US,positive
1633,US,positive
1634,US,positive
1635,US,positive
1636,US,positive
1637,US,positive
1638,US,positive
1639,US,positive
1640,US,positive
1641,US,positive
1642,US,positive
1643,US,positive
1644,US,positive
1645,US,positive
1646,US,positive
1647,US,positive
1648,US,positive
1649,US,positive
1650,US,positive
1651,US,positive
1652,US,positive
1653,US,positive
1654,US,positive
1655,US,positive
1656,US,positive
1657,US,positive
1658,US,positive
1659,US,positive
1660,US,positive
1661,US,positive
1662,US,positive
1663,US,positive
1664,US,positive
1665,US,positive
1666,US,positive
1667,US,positive
1668,US,positive
1669,US,positive
1670,US,positive
1671,US,positive
1672,US,positive
1673,US,positive
1674,US,positive
1675,US,positive
1676,US,positive
1677,US,positive
1678,US,positive
1679,US,positive
1680,US,positive
1681,US,positive
1682,US,positive
1683,US,positive
1684,US,positive
1685,US,positive
1686,US,positive
1687,US,positive
1688,US,positive
1689,US,positive
1690,US,positive
1691,US,positive
1692,US,positive
1693,US,positive
1694,US,positive
1695,US,positive
1696,US,positive
1697,US,positive
1698,US,positive
1699,US,positive
1700,US,positive
1701,US,positive
1702,US,positive
1703,US,positive
1704,US,positive
1705,US,positive
1706,US,positive
1707,US,positive
1708,US,positive
1709,US,positive
1710,US,positive
1711,US,positive
1712,US,positive
1713,US,positive
1714,US,positive
1715,US,positive
1716,US,positive
1717,US,positive
1718,US,positive
1719,US,positive
1720,US,positive
1721,US,positive
1722,US,positive
1723,US,positive
1724,US,positive
1725,US,positive
1726,US,positive
1727,US,positive
1728,US,positive
1729,US,positive
1730,US,positive
1731,US,positive
1732,US,positive
1733,US,positive
1734,US,positive
1735,US,positive
1736,US,positive
1737,US,positive
1738,US,positive
1739,US,positive
1740,US,positive
1741,US,positive
1742,US,positive
1743,US,positive
1744,US,positive
1745,US,positive
1746,US,positive
1747,US,positive
1748,US,positive
1749,US,positive
1750,US,positive
1751,US,positive
1752,US,positive
1753,US,positive
1754,US,positive
1755,US,positive
1756,US,positive
1757,US,positive
1758,US,positive
1759,US,positive
1760,US,positive
1761,US,positive
1762,US,positive
1763,US,positive
1764,US,positive
1765,US,positive
1766,US,positive
1767,US,positive
1768,US,positive
1769,US,positive
1770,US,positive
1771,US,positive
1772,US,positive
1773,US,positive
1774,US,positive
1775,US,positive
1776,US,positive
1777,US,positive
1778,US,positive
1779,US,positive
1780,US,positive
1781,US,positive
1782,US,positive
1783,US,positive
1784,US,positive
1785,US,positive
1786,US,positive
1787,US,positive
1788,US,positive
1789,US,positive
1790,US,positive
1791,US,positive
1792,US,positive
1793,US,positive
1794,US,positive
1795,US,positive
1796,US,positive
1797,US,positive
1798,US,positive
1799,US,positive
1800,US,positive
1801,US,positive
1802,US,positive
1803,US,positive
1804,US,positive
1805,US,positive
1806,US,positive
1807,US,positive
1808,US,positive
1809,US,positive
1810,US,positive
1811,US,positive
1812,US,positive
1813,US,positive
1814,US,positive
1815,US,positive
1816,US,positive
1817,US,positive
1818,US,positive
1819,US,positive
1820,US,positive
1821,US,positive
1822,US,positive
1823,US,positive
1824,US,positive
1825,US,positive
1826,US,positive
1827,US,positive
1828,US,positive
1829,US,positive
1830,US,negative
1831,US,negative
1832,US,negative
1833,US,negative
1834,US,negative
1835,US,negative
1836,US,negative
1837,US,negative
1838,US,negative
1839,US,negative
1840,US,negative
1841,US,negative
1842,US,negative
1843,US,negative
1844,US,negative
1845,US,negative
1846,US,negative
1847,US,negative
1848,US,negative
1849,US,negative
1850,US,negative
1851,US,negative
1852,US,negative
1853,US,negative
1854,US,negative
1855,US,negative
1856,US,negative
1857,US,negative
1858,US,negative
1859,US,negative
1860,US,negative
1861,US,negative
1862,US,negative
1863,US,negative
1864,US,negative
1865,US,negative
1866,US,negative
1867,US,negative
1868,US,negative
1869,US,negative
1870,US,negative
1871,US,negative
1872,US,negative
1873,US,negative
1874,US,negative
1875,US,negative
1876,US,negative
1877,US,negative
1878,US,negative
1879,US,negative
1880,US,negative
1881,US,negative
1882,US,negative
1883,US,negative
1884,US,negative
1885,US,negative
1886,US,negative
1887,US,negative
1888,US,negative
1889,US,negative
1890,US,negative
1891,US,negative
1892,US,negative
1893,US,negative
1894,US,negative
1895,US,negative
1896,US,negative
1897,US,negative
1898,US,negative
1899,US,negative
1900,US,negative
1901,US,negative
1902,US,negative
1903,US,negative
1904,US,negative
1905,US,negative
1906,US,negative
1907,US,negative
1908,US,negative
1909,US,negative
1910,US,negative
1911,US,negative
1912,US,negative
1913,US,negative
1914,US,negative
1915,US,negative
1916,US,negative
1917,US,negative
1918,US,negative
1919,US,negative
1920,US,negative
1921,US,negative
1922,US,negative
1923,US,negative
1924,US,negative
1925,US,negative
1926,US,negative
1927,US,negative
1928,US,negative
1929,US,negative
1930,US,negative
1931,US,negative
1932,US,negative
1933,US,negative
1934,US,negative
1935,US,negative
1936,US,negative
1937,US,negative
1938,US,negative
1939,US,negative
1940,US,negative
1941,US,negative
1942,US,negative
1943,US,negative
1944,US,negative
1945,US,negative
1946,US,negative
1947,US,negative
1948,US,negative
1949,US,negative
1950,US,negative
1951,US,negative
1952,US,negative
1953,US,negative
1954,US,negative
1955,US,negative
1956,US,negative
1957,US,negative
1958,US,negative
1959,US,negative
1960,US,negative
1961,US,negative
1962,US,negative
1963,US,negative
1964,US,negative
1965,US,negative
1966,US,negative
1967,US,negative
1968,US,negative
1969,US,negative
1970,US,negative
1971,US,negative
1972,US,negative
1973,US,negative
1974,US,negative
1975,US,negative
1976,US,negative
1977,US,negative
1978,US,negative
1979,US,negative
1980,US,negative
1981,US,negative
1982,US,negative
1983,US,negative
1984,US,negative
1985,US,negative
1986,US,negative
1987,US,negative
1988,US,negative
1989,US,negative
1990,US,negative
1991,US,negative
1992,US,negative
1993,US,negative
1994,US,negative
1995,US,negative
1996,US,negative
1997,US,negative
1998,US,negative
1999,US,negative
2000,US,negative
2001,US,negative
2002,US,negative
2003,US,negative
2004,US,negative
2005,US,negative
2006,US,negative
2007,US,negative
2008,US,negative
2009,US,negative
2010,US,negative
2011,US,negative
2012,US,negative
2013,US,negative
2014,US,negative
2015,US,negative
2016,US,negative
2017,US,negative
2018,US,negative
2019,US,negative
2020,US,negative
2021,US,negative
2022,US,negative
2023,US,negative
2024,US,negative
2025,US,negative
2026,US,negative
2027,US,negative
2028,US,negative
2029,US,negative
2030,US,negative
2031,US,negative
2032,US,negative
2033,US,negative
2034,US,negative
2035,US,negative
2036,US,negative
2037,US,negative
2038,US,negative
2039,US,negative
2040,US,negative
2041,US,negative
2042,US,negative
2043,US,negative
2044,US,negative
2045,US,negative
2046,US,negative
2047,US,negative
2048,US,negative
2049,US,negative
2050,US,negative
2051,US,negative
2052,US,negative
2053,US,negative
2054,US,negative
2055,US,negative
2056,US,negative
2057,US,negative
2058,US,negative
2059,US,negative
2060,US,negative
2061,US,negative
2062,US,negative
2063,US,negative
2064,US,negative
2065,US,negative
2066,US,negative
2067,US,negative
2068,US,negative
2069,US,negative
2070,US,negative
2071,US,negative
2072,US,negative
2073,US,negative
2074,US,negative
2075,US,negative
2076,US,negative
2077,US,negative
2078,US,negative
2079,US,negative
2080,US,negative
2081,US,negative
2082,US,negative
2083,US,negative
2084,US,negative
2085,US,negative
2086,US,negative
2087,US,negative
2088,US,negative
2089,US,negative
2090,US,negative
2091,US,negative
2092,US,negative
2093,US,negative
2094,US,negative
2095,US,negative
2096,US,negative
2097,US,negative
2098,US,negative
2099,US,negative
2100,US,negative
2101,US,negative
2102,US,negative
2103,US,negative
2104,US,negative
2105,US,negative
2106,US,negative
2107,US,negative
2108,US,negative
2109,US,negative
2110,US,negative
2111,US,negative
2112,US,negative
2113,US,negative
2114,US,negative
2115,US,negative
2116,US,negative
2117,US,negative
2118,US,negative
2119,US,negative
2120,US,negative
2121,US,negative
2122,US,negative
2123,US,negative
2124,US,negative
2125,US,negative
2126,US,negative
2127,US,negative
2128,US,negative
2129,US,negative
2130,US,negative
2131,US,negative
2132,US,negative
2133,US,negative
2134,US,negative
2135,US,negative
2136,US,negative
2137,US,negative
2138,US,negative
2139,US,negative
2140,US,negative
2141,US,negative
2142,US,negative
2143,US,negative
2144,US,negative
2145,US,negative
2146,US,negative
2147,US,negative
2148,US,negative
2149,US,negative
2150,US,negative
2151,US,negative
2152,US,negative
2153,US,negative
2154,US,negative
2155,US,negative
2156,US,negative
2157,US,negative
2158,US,negative
2159,US,negative
2160,US,negative
2161,US,negative
2162,US,negative
2163,US,negative
2164,US,negative
2165,US,negative
2166,US,negative
2167,US,negative
2168,US,negative
2169,US,negative
2170,US,negative
2171,US,negative
2172,US,negative
2173,US,negative
2174,US,negative
2175,US,negative
2176,US,negative
2177,US,negative
2178,US,negative
2179,US,negative
2180,US,negative
2181,US,negative
2182,US,negative
2183,US,negative
2184,US,negative
2185,US,negative
2186,US,negative
2187,US,negative
2188,US,negative
2189,US,negative
2190,US,negative
2191,US,negative
2192,US,negative
2193,US,negative
2194,US,negative
2195,US,negative
2196,US,negative
2197,US,negative
2198,US,negative
2199,US,negative
2200,US,negative
2201,US,negative
2202,US,negative
2203,US,negative
2204,US,negative
2205,US,negative
2206,US,negative
2207,US,negative
2208,US,negative
2209,US,negative
2210,US,negative
2211,US,negative
2212,US,negative
2213,US,negative
2214,US,negative
2215,US,negative
2216,US,negative
2217,US,negative
2218,US,negative
2219,US,negative
2220,US,negative
2221,US,negative
2222,US,negative
2223,US,negative
2224,US,negative
2225,US,negative
2226,US,negative
2227,US,negative
2228,US,negative
2229,US,negative
2230,US,negative
2231,US,negative
2232,US,negative
2233,US,negative
2234,US,negative
2235,US,negative
2236,US,negative
2237,US,negative
2238,US,negative
2239,US,negative
2240,US,negative
2241,US,negative
2242,US,negative
2243,US,negative
2244,US,negative
2245,US,negative
2246,US,negative
2247,US,negative
2248,US,negative
2249,US,negative
2250,US,negative
2251,US,negative
2252,US,negative
2253,US,negative
2254,US,negative
2255,US,negative
2256,US,negative
2257,US,negative
2258,US,negative
2259,US,negative
2260,US,negative
2261,US,negative
2262,US,negative
2263,US,negative
2264,US,negative
2265,US,negative
2266,US,negative
2267,US,negative
2268,US,negative
2269,US,negative
2270,US,negative
2271,US,negative
2272,US,negative
2273,US,negative
2274,US,negative
2275,US,negative
2276,US,negative
2277,US,negative
2278,US,negative
2279,US,negative
2280,US,negative
2281,US,negative
2282,US,negative
2283,US,negative
2284,US,negative
2285,US,negative
2286,US,negative
2287,US,negative
2288,US,negative
2289,US,negative
2290,US,negative
2291,US,negative
2292,US,negative
2293,US,negative
2294,US,negative
2295,US,negative
2296,US,negative
2297,US,negative
2298,US,negative
2299,US,negative
2300,US,negative
2301,US,negative
2302,US,negative
2303,US,negative
2304,US,negative
2305,US,negative
2306,US,negative
2307,US,negative
2308,US,negative
2309,US,negative
2310,US,negative
2311,US,negative
2312,US,negative
2313,US,negative
2314,US,negative
2315,US,negative
2316,US,negative
2317,US,negative
2318,US,negative
2319,US,negative
2320,US,negative
2321,US,negative
2322,US,negative
2323,US,negative
2324,US,negative
2325,US,negative
2326,US,negative
2327,US,negative
2328,US,negative
2329,US,negative
2330,US,negative
2331,US,negative
2332,US,negative
2333,US,negative
2334,US,negative
2335,US,negative
2336,US,negative
2337,US,negative
2338,US,negative
2339,US,negative
2340,US,negative
2341,US,negative
2342,US,negative
2343,US,negative
2344,US,negative
2345,US,negative
2346,US,negative
2347,US,negative
2348,US,negative
2349,US,negative
2350,US,negative
2351,US,negative
2352,US,negative
2353,US,negative
2354,US,negative
2355,US,negative
2356,US,negative
2357,US,negative
2358,US,negative
2359,US,negative
2360,US,negative
2361,US,negative
2362,US,negative
2363,US,negative
2364,US,negative
2365,US,negative
2366,US,negative
2367,US,negative
2368,US,negative
2369,US,negative
2370,US,negative
2371,US,negative
2372,US,negative
2373,US,negative
2374,US,negative
2375,US,negative
2376,US,negative
2377,US,negative
2378,US,negative
2379,US,negative
2380,US,negative
2381,US,negative
2382,US,negative
2383,US,negative
2384,US,negative
2385,US,negative
2386,US,negative
2387,US,negative
2388,US,negative
2389,US,negative
2390,US,negative
2391,US,negative
2392,US,negative
2393,US,negative
2394,US,negative
2395,US,negative
2396,US,negative
2397,US,negative
2398,US,negative
2399,US,negative
2400,US,negative
2401,US,negative
2402,US,negative
2403,US,negative
2404,US,negative
2405,US,negative
2406,US,negative
2407,US,negative
2408,US,negative
2409,US,negative
2410,US,negative
2411,US,negative
2412,US,negative
2413,US,negative
2414,US,negative
2415,US,negative
2416,US,negative
2417,US,negative
2418,US,negative
2419,US,negative
2420,US,negative
2421,US,negative
2422,US,negative
2423,US,negative
2424,US,negative
2425,US,negative
2426,US,negative
2427,US,negative
2428,US,negative
2429,US,negative
2430,US,negative
2431,US,negative
2432,US,negative
2433,US,negative
2434,US,negative
2435,US,negative
2436,US,negative
2437,US,negative
2438,US,negative
2439,US,negative
2440,US,negative
2441,US,negative
2442,US,negative
2443,US,negative
2444,US,negative
2445,US,negative
2446,US,negative
2447,US,negative
2448,US,negative
2449,US,negative
2450,US,negative
2451,US,negative
2452,US,negative
2453,US,negative
2454,US,negative
2455,US,negative
2456,US,negative
2457,US,negative
2458,US,negative
2459,US,negative
2460,US,negative
2461,US,negative
2462,US,negative
2463,US,negative
2464,US,negative
2465,US,negative
2466,US,negative
2467,US,negative
2468,US,negative
2469,US,negative
2470,US,negative
2471,US,negative
2472,US,negative
2473,US,negative
2474,US,negative
2475,US,negative
2476,US,negative
2477,US,negative
2478,US,negative
2479,US,negative
2480,US,negative
2481,US,negative
2482,US,negative
2483,US,negative
2484,US,negative
2485,US,negative
2486,US,negative
2487,US,negative
2488,US,negative
2489,US,negative
2490,US,negative
2491,US,negative
2492,US,negative
2493,US,negative
2494,US,negative
2495,US,negative
2496,US,negative
2497,US,negative
2498,US,negative
2499,US,negative
2500,US,negative
2501,US,negative
2502,US,negative
2503,US,negative
2504,US,negative
2505,US,negative
2506,US,negative
2507,US,negative
2508,US,negative
2509,US,negative
2510,US,negative
2511,US,negative
2512,US,negative
2513,US,negative
2514,US,negative
2515,US,negative
2516,US,negative
2517,US,negative
2518,US,negative
2519,US,negative
2520,US,negative
2521,US,negative
2522,US,negative
2523,US,negative
2524,US,negative
2525,US,negative
2526,US,negative
2527,US,negative
2528,US,negative
2529,US,negative
2530,US,negative
2531,US,negative
2532,US,negative
2533,US,negative
2534,US,negative
2535,US,negative
2536,US,negative
2537,US,negative
2538,US,negative
2539,US,negative
2540,US,negative
2541,US,negative
2542,US,negative
2543,US,negative
2544,US,negative
2545,US,negative
2546,US,negative
2547,US,negative
2548,US,negative
2549,US,negative
2550,US,negative
2551,US,negative
2552,US,negative
2553,US,negative
2554,US,negative
2555,US,negative
2556,US,negative
2557,US,negative
2558,US,negative
2559,US,negative
2560,US,negative
2561,US,negative
2562,US,negative
2563,US,negative
2564,US,negative
2565,US,negative
2566,US,negative
2567,US,negative
2568,US,negative
2569,US,negative
2570,US,negative
2571,US,negative
2572,US,negative
2573,US,negative
2574,US,negative
2575,US,negative
2576,US,negative
2577,US,negative
2578,US,negative
2579,US,negative
2580,US,negative
2581,US,negative
2582,US,negative
2583,US,negative
2584,US,negative
2585,US,negative
2586,US,negative
2587,US,negative
2588,US,negative
2589,US,negative
2590,US,negative
2591,US,negative
2592,US,negative
2593,US,negative
2594,US,negative
2595,US,negative
2596,US,negative
2597,US,negative
2598,US,negative
2599,US,negative
2600,US,negative
2601,US,negative
2602,US,negative
2603,US,negative
2604,US,negative
2605,US,negative
2606,US,negative
2607,US,negative
2608,US,negative
2609,US,negative
2610,US,negative
2611,US,negative
2612,US,negative
2613,US,negative
2614,US,negative
2615,US,negative
2616,US,negative
2617,US,negative
2618,US,negative
2619,US,negative
2620,US,negative
2621,US,negative
2622,US,negative
2623,US,negative
2624,US,negative
2625,US,negative
2626,US,negative
2627,US,negative
2628,US,negative
2629,US,negative
2630,US,negative
2631,US,negative
2632,US,negative
2633,US,negative
2634,US,negative
2635,US,negative
2636,US,negative
2637,US,negative
2638,US,negative
2639,US,negative
2640,US,negative
2641,US,negative
2642,US,negative
2643,US,negative
2644,US,negative
2645,US,negative
2646,US,negative
2647,US,negative
2648,US,negative
2649,US,negative
2650,US,negative
2651,US,negative
2652,US,negative
2653,US,negative
2654,US,negative
2655,US,negative
2656,US,negative
2657,US,negative
2658,US,negative
2659,US,negative
2660,US,negative
2661,US,negative
2662,US,negative
2663,US,negative
2664,US,negative
2665,US,negative
2666,US,negative
2667,US,negative
2668,US,negative
2669,US,negative
2670,US,negative
2671,US,negative
2672,US,negative
2673,US,negative
2674,US,negative
2675,US,negative
2676,US,negative
2677,US,negative
2678,US,negative
2679,US,negative
2680,US,negative
2681,US,negative
2682,US,negative
2683,US,negative
2684,US,negative
2685,US,negative
2686,US,negative
2687,US,negative
2688,US,negative
2689,US,negative
2690,US,negative
2691,US,negative
2692,US,negative
2693,US,negative
2694,US,negative
2695,US,negative
2696,US,negative
2697,US,negative
2698,US,negative
2699,US,negative
2700,US,negative
2701,US,negative
2702,US,negative
2703,US,negative
2704,US,negative
2705,US,negative
2706,US,negative
2707,US,negative
2708,US,negative
2709,US,negative
2710,US,negative
2711,US,negative
2712,US,negative
2713,US,negative
2714,US,negative
2715,US,negative
2716,US,negative
2717,US,negative
2718,US,negative
2719,US,negative
2720,US,negative
2721,US,negative
2722,US,negative
2723,US,negative
2724,US,negative
2725,US,negative
2726,US,negative
2727,US,negative
2728,US,negative
2729,US,negative
2730,US,negative
2731,US,negative
2732,US,negative
2733,US,negative
2734,US,negative
2735,US,negative
2736,US,negative
2737,US,negative
2738,US,negative
2739,US,negative
2740,US,negative
2741,US,negative
2742,US,negative
2743,US,negative
2744,US,negative
2745,US,negative
2746,US,negative
2747,US,negative
2748,US,negative
2749,US,negative
2750,US,negative
2751,US,negative
2752,US,negative
2753,US,negative
2754,US,negative
2755,US,negative
2756,US,negative
2757,US,negative
2758,US,negative
2759,US,negative
2760,US,negative
2761,US,negative
2762,US,negative
2763,US,negative
2764,US,negative
2765,US,negative
2766,US,negative
2767,US,negative
2768,US,negative
2769,US,negative
2770,US,negative
2771,US,negative
2772,US,negative
2773,US,negative
2774,US,negative
2775,US,negative
2776,US,negative
2777,US,negative
2778,US,negative
2779,US,negative
2780,US,negative
2781,US,negative
2782,US,negative
2783,US,negative
2784,US,negative
2785,US,negative
2786,US,negative
2787,US,negative
2788,US,negative
2789,US,negative
2790,US,negative
2791,US,negative
2792,US,negative
2793,US,negative
2794,US,negative
2795,US,negative
2796,US,negative
2797,US,negative
2798,US,negative
2799,US,negative
2800,US,negative
2801,US,negative
2802,US,negative
2803,US,negative
2804,US,negative
2805,US,negative
2806,US,negative
2807,US,negative
2808,US,negative
2809,US,negative
2810,US,negative
2811,US,negative
2812,US,negative
2813,US,negative
2814,US,negative
2815,US,negative
2816,US,negative
2817,US,negative
2818,US,negative
2819,US,negative
2820,US,negative
2821,US,negative
2822,US,negative
2823,US,negative
2824,US,negative
2825,US,negative
2826,US,negative
2827,US,negative
2828,US,negative
2829,US,negative
2830,US,negative
2831,US,negative
2832,US,negative
2833,US,negative
2834,US,negative
2835,US,negative
2836,US,negative
2837,US,negative
2838,US,negative
2839,US,negative
2840,US,negative
2841,US,negative
2842,US,negative
2843,US,negative
2844,US,negative
2845,US,negative
2846,US,negative
2847,US,negative
2848,US,negative
2849,US,negative
2850,US,negative
2851,US,negative
2852,US,negative
2853,US,negative
2854,US,negative
2855,US,negative
2856,US,negative
2857,US,negative
2858,US,negative
2859,US,negative
2860,US,negative
2861,US,negative
2862,US,negative
2863,US,negative
2864,US,negative
2865,US,negative
2866,US,negative
2867,US,negative
2868,US,negative
2869,US,negative
2870,US,negative
2871,US,negative
2872,US,negative
2873,US,negative
2874,US,negative
2875,US,negative
2876,US,negative
2877,US,negative
2878,US,negative
2879,US,negative
2880,US,negative
2881,US,negative
2882,US,negative
2883,US,negative
2884,US,negative
2885,US,negative
2886,US,negative
2887,US,negative
2888,US,negative
2889,US,negative
2890,US,negative
2891,US,negative
2892,US,negative
2893,US,negative
2894,US,negative
2895,US,negative
2896,US,negative
2897,US,negative
2898,US,negative
2899,US,negative
2900,US,negative
2901,US,negative
2902,US,negative
2903,US,negative
2904,US,negative
2905,US,negative
2906,US,negative
2907,US,negative
2908,US,negative
2909,US,negative
2910,US,negative
2911,US,negative
2912,US,negative
2913,US,negative
2914,US,negative
2915,US,negative
2916,US,negative
2917,US,negative
2918,US,negative
2919,US,negative
2920,US,negative
2921,US,negative
2922,US,negative
2923,US,negative
2924,US,negative
2925,US,negative
2926,US,negative
2927,US,negative
2928,US,negative
2929,US,negative
2930,US,negative
2931,US,negative
2932,US,negative
2933,US,negative
2934,US,negative
2935,US,negative
2936,US,negative
2937,US,negative
2938,US,negative
2939,US,negative
2940,US,negative
2941,US,negative
2942,US,negative
2943,US,negative
2944,US,negative
2945,US,negative
2946,US,negative
2947,US,negative
2948,US,negative
2949,US,negative
2950,US,negative
2951,US,negative
2952,US,negative
2953,US,negative
2954,US,negative
2955,US,negative
2956,US,negative
2957,US,negative
2958,US,negative
2959,US,negative
2960,US,negative
2961,US,negative
2962,US,negative
2963,US,negative
2964,US,negative
2965,US,negative
2966,US,negative
2967,US,negative
2968,US,negative
2969,US,negative
2970,US,negative
2971,US,negative
2972,US,negative
2973,US,negative
2974,US,negative
2975,US,negative
2976,US,negative
2977,US,negative
2978,US,negative
2979,US,negative
2980,US,negative
2981,US,negative
2982,US,negative
2983,US,negative
2984,US,negative
2985,US,negative
2986,US,negative
2987,US,negative
2988,US,negative
2989,US,negative
2990,US,negative
2991,US,negative
2992,US,negative
2993,US,negative
2994,US,negative
2995,US,negative
2996,US,negative
2997,US,negative
2998,US,negative
2999,US,negative
3000,US,negative
3001,US,negative
3002,US,negative
3003,US,negative
3004,US,negative
3005,US,negative
3006,US,negative
3007,US,negative
3008,US,negative
3009,US,negative
3010,US,negative
3011,US,negative
3012,US,negative
3013,US,negative
3014,US,negative
3015,US,negative
3016,US,negative
3017,US,negative
3018,US,negative
3019,US,negative
3020,US,negative
3021,US,negative
3022,US,negative
3023,US,negative
3024,US,negative
3025,US,negative
3026,US,negative
3027,US,negative
3028,US,negative
3029,US,negative
3030,US,negative
3031,US,negative
3032,US,negative
3033,US,negative
3034,US,negative
3035,US,negative
3036,US,negative
3037,US,negative
3038,US,negative
3039,US,negative
3040,US,negative
3041,US,negative
3042,US,negative
3043,US,negative
3044,US,negative
3045,US,negative
3046,US,negative
3047,US,negative
3048,US,negative
3049,US,negative
3050,US,negative
3051,US,negative
3052,US,negative
3053,US,negative
3054,US,negative
3055,US,negative
3056,US,negative
3057,US,negative
3058,US,negative
3059,US,negative
3060,US,negative
3061,US,negative
3062,US,negative
3063,US,negative
3064,US,negative
3065,US,negative
3066,US,negative
3067,US,negative
3068,US,negative
3069,US,negative
3070,US,negative
3071,US,negative
3072,US,negative
3073,US,negative
3074,US,negative
3075,US,negative
3076,US,negative
3077,US,negative
3078,US,negative
3079,US,negative
3080,US,neutral
3081,US,neutral
3082,US,neutral
3083,US,neutral
3084,US,neutral
3085,US,neutral
3086,US,neutral
3087,US,neutral
3088,US,neutral
3089,US,neutral
3090,US,neutral
3091,US,neutral
3092,US,neutral
3093,US,neutral
3094,US,neutral
3095,US,neutral
3096,US,neutral
3097,US,neutral
3098,US,neutral
3099,US,neutral
3100,US,neutral
3101,US,neutral
3102,US,neutral
3103,US,neutral
3104,US,neutral
3105,US,neutral
3106,US,neutral
3107,US,neutral
3108,US,neutral
3109,US,neutral
3110,US,neutral
3111,US,neutral
3112,US,neutral
3113,US,neutral
3114,US,neutral
3115,US,neutral
3116,US,neutral
3117,US,neutral
3118,US,neutral
3119,US,neutral
3120,US,neutral
3121,US,neutral
3122,US,neutral
3123,US,neutral
3124,US,neutral
3125,US,neutral
3126,US,neutral
3127,US,neutral
3128,US,neutral
3129,US,neutral
3130,US,neutral
3131,US,neutral
3132,US,neutral
3133,US,neutral
3134,US,neutral
3135,US,neutral
3136,US,neutral
3137,US,neutral
3138,US,neutral
3139,US,neutral
3140,US,neutral
3141,US,neutral
3142,US,neutral
3143,US,neutral
3144,US,neutral
3145,US,neutral
3146,US,neutral
3147,US,neutral
3148,US,neutral
3149,US,neutral
3150,US,neutral
3151,US,neutral
3152,US,neutral
3153,US,neutral
3154,US,neutral
3155,US,neutral
3156,US,neutral
3157,US,neutral
3158,US,neutral
3159,US,neutral
3160,US,neutral
3161,US,neutral
3162,US,neutral
3163,US,neutral
3164,US,neutral
3165,US,neutral
3166,US,neutral
3167,US,neutral
3168,US,neutral
3169,US,neutral
3170,US,neutral
3171,US,neutral
3172,US,neutral
3173,US,neutral
3174,US,neutral
3175,US,neutral
3176,US,neutral
3177,US,neutral
3178,US,neutral
3179,US,neutral
3180,US,neutral
3181,US,neutral
3182,US,neutral
3183,US,neutral
3184,US,neutral
3185,US,neutral
3186,US,neutral
3187,US,neutral
3188,US,neutral
3189,US,neutral
3190,US,neutral
3191,US,neutral
3192,US,neutral
3193,US,neutral
3194,US,neutral
3195,US,neutral
3196,US,neutral
3197,US,neutral
3198,US,neutral
3199,US,neutral
3200,US,neutral
3201,US,neutral
3202,US,neutral
3203,US,neutral
3204,US,neutral
3205,US,neutral
3206,US,neutral
3207,US,neutral
3208,US,neutral
3209,US,neutral
3210,US,neutral
3211,US,neutral
3212,US,neutral
3213,US,neutral
3214,US,neutral
3215,US,neutral
3216,US,neutral
3217,US,neutral
3218,US,neutral
3219,US,neutral
3220,US,neutral
3221,US,neutral
3222,US,neutral
3223,US,neutral
3224,US,neutral
3225,US,neutral
3226,US,neutral
3227,US,neutral
3228,US,neutral
3229,US,neutral
3230,US,neutral
3231,US,neutral
3232,US,neutral
3233,US,neutral
3234,US,neutral
3235,US,neutral
3236,US,neutral
3237,US,neutral
3238,US,neutral
3239,US,neutral
3240,US,neutral
3241,US,neutral
3242,US,neutral
3243,US,neutral
3244,US,neutral
3245,US,neutral
3246,US,neutral
3247,US,neutral
3248,US,neutral
3249,US,neutral
3250,US,neutral
3251,US,neutral
3252,US,neutral
3253,US,neutral
3254,US,neutral
3255,US,neutral
3256,US,neutral
3257,US,neutral
3258,US,neutral
3259,US,neutral
3260,US,neutral
3261,US,neutral
3262,US,neutral
3263,US,neutral
3264,US,neutral
3265,US,neutral
3266,US,neutral
3267,US,neutral
3268,US,neutral
3269,US,neutral
3270,US,neutral
3271,US,neutral
3272,US,neutral
3273,US,neutral
3274,US,neutral
3275,US,neutral
3276,US,neutral
3277,US,neutral
3278,US,neutral
3279,US,neutral
3280,US,neutral
3281,US,neutral
3282,US,neutral
3283,US,neutral
3284,US,neutral
3285,US,neutral
3286,US,neutral
3287,US,neutral
3288,US,neutral
3289,US,neutral
3290,US,neutral
3291,US,neutral
3292,US,neutral
3293,US,neutral
3294,US,neutral
3295,US,neutral
3296,US,neutral
3297,US,neutral
3298,US,neutral
3299,US,neutral
3300,US,neutral
3301,US,neutral
3302,US,neutral
3303,US,neutral
3304,US,neutral
3305,US,neutral
3306,US,neutral
3307,US,neutral
3308,US,neutral
3309,US,neutral
3310,US,neutral
3311,US,neutral
3312,US,neutral
3313,US,neutral
3314,US,neutral
3315,US,neutral
3316,US,neutral
3317,US,neutral
3318,US,neutral
3319,US,neutral
3320,US,neutral
3321,US,neutral
3322,US,neutral
3323,US,neutral
3324,US,neutral
3325,US,neutral
3326,US,neutral
3327,US,neutral
3328,US,neutral
3329,US,neutral
3330,US,neutral
3331,US,neutral
3332,US,neutral
3333,US,neutral
3334,US,neutral
3335,US,neutral
3336,US,neutral
3337,US,neutral
3338,US,neutral
3339,US,neutral
3340,US,neutral
3341,US,neutral
3342,US,neutral
3343,US,neutral
3344,US,neutral
3345,US,neutral
3346,US,neutral
3347,US,neutral
3348,US,neutral
3349,US,neutral
3350,US,neutral
3351,US,neutral
3352,US,neutral
3353,US,neutral
3354,US,neutral
3355,US,neutral
3356,US,neutral
3357,US,neutral
3358,US,neutral
3359,US,neutral
3360,US,neutral
3361,US,neutral
3362,US,neutral
3363,US,neutral
3364,US,neutral
3365,US,neutral
3366,US,neutral
3367,US,neutral
3368,US,neutral
3369,US,neutral
3370,US,neutral
3371,US,neutral
3372,US,neutral
3373,US,neutral
3374,US,neutral
3375,US,neutral
3376,US,neutral
3377,US,neutral
3378,US,neutral
3379,US,neutral
3380,US,neutral
3381,US,neutral
3382,US,neutral
3383,US,neutral
3384,US,neutral
3385,US,neutral
3386,US,neutral
3387,US,neutral
3388,US,neutral
3389,US,neutral
3390,US,neutral
3391,US,neutral
3392,US,neutral
3393,US,neutral
3394,US,neutral
3395,US,neutral
3396,US,neutral
3397,US,neutral
3398,US,neutral
3399,US,neutral
3400,US,neutral
3401,US,neutral
3402,US,neutral
3403,US,neutral
3404,US,neutral
3405,US,neutral
3406,US,neutral
3407,US,neutral
3408,US,neutral
3409,US,neutral
3410,US,neutral
3411,US,neutral
3412,US,neutral
3413,US,neutral
3414,US,neutral
3415,US,neutral
3416,US,neutral
3417,US,neutral
3418,US,neutral
3419,US,neutral
3420,US,neutral
3421,US,neutral
3422,US,neutral
3423,US,neutral
3424,US,neutral
3425,US,neutral
3426,US,neutral
3427,US,neutral
3428,US,neutral
3429,US,neutral
3430,US,neutral
3431,US,neutral
3432,US,neutral
3433,US,neutral
3434,US,neutral
3435,US,neutral
3436,US,neutral
3437,US,neutral
3438,US,neutral
3439,US,neutral
3440,US,neutral
3441,US,neutral
3442,US,neutral
3443,US,neutral
3444,US,neutral
3445,US,neutral
3446,US,neutral
3447,US,neutral
3448,US,neutral
3449,US,neutral
3450,US,neutral
3451,US,neutral
3452,US,neutral
3453,US,neutral
3454,US,neutral
3455,US,neutral
3456,US,neutral
3457,US,neutral
3458,US,neutral
3459,US,neutral
3460,US,neutral
3461,US,neutral
3462,US,neutral
3463,US,neutral
3464,US,neutral
3465,US,neutral
3466,US,neutral
3467,US,neutral
3468,US,neutral
3469,US,neutral
3470,US,neutral
3471,US,neutral
3472,US,neutral
3473,US,neutral
3474,US,neutral
3475,US,neutral
3476,US,neutral
3477,US,neutral
3478,US,neutral
3479,US,neutral
3480,US,neutral
3481,US,neutral
3482,US,neutral
3483,US,neutral
3484,US,neutral
3485,US,neutral
3486,US,neutral
3487,US,neutral
3488,US,neutral
3489,US,neutral
3490,US,neutral
3491,US,neutral
3492,US,neutral
3493,US,neutral
3494,US,neutral
3495,US,neutral
3496,US,neutral
3497,US,neutral
3498,US,neutral
3499,US,neutral
3500,US,neutral
3501,US,neutral
3502,US,neutral
3503,US,neutral
3504,US,neutral
3505,US,neutral
3506,US,neutral
3507,US,neutral
3508,US,neutral
3509,US,neutral
0,UK,positive
1,UK,positive
2,UK,positive
3,UK,positive
4,UK,positive
5,UK,positive
6,UK,positive
7,UK,positive
8,UK,positive
9,UK,positive
10,UK,positive
11,UK,positive
12,UK,positive
13,UK,positive
14,UK,positive
15,UK,positive
16,UK,positive
17,UK,positive
18,UK,positive
19,UK,positive
20,UK,positive
21,UK,positive
22,UK,positive
23,UK,positive
24,UK,positive
25,UK,positive
26,UK,positive
27,UK,positive
28,UK,positive
29,UK,positive
30,UK,positive
31,UK,positive
32,UK,positive
33,UK,positive
34,UK,positive
35,UK,positive
36,UK,positive
37,UK,positive
38,UK,positive
39,UK,positive
40,UK,positive
41,UK,positive
42,UK,positive
43,UK,positive
44,UK,positive
45,UK,positive
46,UK,positive
47,UK,positive
48,UK,positive
49,UK,positive
50,UK,positive
51,UK,positive
52,UK,positive
53,UK,positive
54,UK,positive
55,UK,positive
56,UK,positive
57,UK,positive
58,UK,positive
59,UK,positive
60,UK,positive
61,UK,positive
62,UK,positive
63,UK,positive
64,UK,positive
65,UK,positive
66,UK,positive
67,UK,positive
68,UK,positive
69,UK,positive
70,UK,positive
71,UK,positive
72,UK,positive
73,UK,positive
74,UK,positive
75,UK,positive
76,UK,positive
77,UK,positive
78,UK,positive
79,UK,positive
80,UK,positive
81,UK,positive
82,UK,positive
83,UK,positive
84,UK,positive
85,UK,positive
86,UK,positive
87,UK,positive
88,UK,positive
89,UK,positive
90,UK,positive
91,UK,positive
92,UK,positive
93,UK,positive
94,UK,positive
95,UK,positive
96,UK,positive
97,UK,positive
98,UK,positive
99,UK,positive
100,UK,positive
101,UK,positive
102,UK,positive
103,UK,positive
104,UK,positive
105,UK,positive
106,UK,positive
107,UK,positive
108,UK,positive
109,UK,positive
110,UK,positive
111,UK,positive
112,UK,positive
113,UK,positive
114,UK,positive
115,UK,positive
116,UK,positive
117,UK,positive
118,UK,positive
119,UK,positive
120,UK,positive
121,UK,positive
122,UK,positive
123,UK,positive
124,UK,positive
125,UK,positive
126,UK,positive
127,UK,positive
128,UK,positive
129,UK,positive
130,UK,positive
131,UK,positive
132,UK,positive
133,UK,positive
134,UK,positive
135,UK,positive
136,UK,positive
137,UK,positive
138,UK,positive
139,UK,positive
140,UK,positive
141,UK,positive
142,UK,positive
143,UK,positive
144,UK,positive
145,UK,positive
146,UK,positive
147,UK,positive
148,UK,positive
149,UK,positive
150,UK,positive
151,UK,positive
152,UK,positive
153,UK,positive
154,UK,positive
155,UK,positive
156,UK,positive
157,UK,positive
158,UK,positive
159,UK,positive
160,UK,positive
161,UK,positive
162,UK,positive
163,UK,positive
164,UK,positive
165,UK,positive
166,UK,positive
167,UK,positive
168,UK,positive
169,UK,positive
170,UK,positive
171,UK,positive
172,UK,positive
173,UK,positive
174,UK,positive
175,UK,positive
176,UK,positive
177,UK,positive
178,UK,positive
179,UK,positive
180,UK,positive
181,UK,positive
182,UK,positive
183,UK,positive
184,UK,positive
185,UK,positive
186,UK,positive
187,UK,positive
188,UK,positive
189,UK,positive
190,UK,positive
191,UK,positive
192,UK,positive
193,UK,positive
194,UK,positive
195,UK,positive
196,UK,positive
197,UK,positive
198,UK,positive
199,UK,positive
200,UK,positive
201,UK,positive
202,UK,positive
203,UK,positive
204,UK,positive
205,UK,positive
206,UK,positive
207,UK,positive
208,UK,positive
209,UK,positive
210,UK,positive
211,UK,positive
212,UK,positive
213,UK,positive
214,UK,positive
215,UK,positive
216,UK,positive
217,UK,positive
218,UK,positive
219,UK,positive
220,UK,positive
221,UK,positive
222,UK,positive
223,UK,positive
224,UK,positive
225,UK,positive
226,UK,positive
227,UK,positive
228,UK,positive
229,UK,positive
230,UK,positive
231,UK,positive
232,UK,positive
233,UK,positive
234,UK,positive
235,UK,positive
236,UK,positive
237,UK,positive
238,UK,positive
239,UK,positive
240,UK,positive
241,UK,positive
242,UK,positive
243,UK,positive
244,UK,positive
245,UK,positive
246,UK,positive
247,UK,positive
248,UK,positive
249,UK,positive
250,UK,positive
251,UK,positive
252,UK,positive
253,UK,positive
254,UK,positive
255,UK,positive
256,UK,positive
257,UK,positive
258,UK,positive
259,UK,positive
260,UK,positive
261,UK,positive
262,UK,positive
263,UK,positive
264,UK,positive
265,UK,positive
266,UK,positive
267,UK,positive
268,UK,positive
269,UK,positive
270,UK,positive
271,UK,positive
272,UK,positive
273,UK,positive
274,UK,positive
275,UK,positive
276,UK,positive
277,UK,positive
278,UK,positive
279,UK,positive
280,UK,positive
281,UK,positive
282,UK,positive
283,UK,positive
284,UK,positive
285,UK,positive
286,UK,positive
287,UK,positive
288,UK,positive
289,UK,positive
290,UK,positive
291,UK,positive
292,UK,positive
293,UK,positive
294,UK,positive
295,UK,positive
296,UK,positive
297,UK,positive
298,UK,positive
299,UK,positive
300,UK,positive
301,UK,positive
302,UK,positive
303,UK,positive
304,UK,positive
305,UK,positive
306,UK,positive
307,UK,positive
308,UK,positive
309,UK,positive
310,UK,positive
311,UK,positive
312,UK,positive
313,UK,positive
314,UK,positive
315,UK,positive
316,UK,positive
317,UK,positive
318,UK,positive
319,UK,positive
320,UK,positive
321,UK,positive
322,UK,positive
323,UK,positive
324,UK,positive
325,UK,positive
326,UK,positive
327,UK,positive
328,UK,positive
329,UK,positive
330,UK,positive
331,UK,positive
332,UK,positive
333,UK,positive
334,UK,positive
335,UK,positive
336,UK,positive
337,UK,positive
338,UK,positive
339,UK,positive
340,UK,positive
341,UK,positive
342,UK,positive
343,UK,positive
344,UK,positive
345,UK,positive
346,UK,positive
347,UK,positive
348,UK,positive
349,UK,positive
350,UK,positive
351,UK,positive
352,UK,positive
353,UK,positive
354,UK,positive
355,UK,positive
356,UK,positive
357,UK,positive
358,UK,positive
359,UK,positive
360,UK,positive
361,UK,positive
362,UK,positive
363,UK,positive
364,UK,positive
365,UK,positive
366,UK,positive
367,UK,positive
368,UK,positive
369,UK,positive
370,UK,positive
371,UK,positive
372,UK,positive
373,UK,positive
374,UK,positive
375,UK,positive
376,UK,positive
377,UK,positive
378,UK,positive
379,UK,positive
380,UK,positive
381,UK,positive
382,UK,positive
383,UK,positive
384,UK,positive
385,UK,positive
386,UK,positive
387,UK,positive
388,UK,positive
389,UK,positive
390,UK,positive
391,UK,positive
392,UK,positive
393,UK,positive
394,UK,positive
395,UK,positive
396,UK,positive
397,UK,positive
398,UK,positive
399,UK,positive
400,UK,positive
401,UK,positive
402,UK,positive
403,UK,positive
404,UK,positive
405,UK,positive
406,UK,positive
407,UK,positive
408,UK,positive
409,UK,positive
410,UK,positive
411,UK,positive
412,UK,positive
413,UK,positive
414,UK,positive
415,UK,positive
416,UK,positive
417,UK,positive
418,UK,positive
419,UK,positive
420,UK,negative
421,UK,negative
422,UK,negative
423,UK,negative
424,UK,negative
425,UK,negative
426,UK,negative
427,UK,negative
428,UK,negative
429,UK,negative
430,UK,negative
431,UK,negative
432,UK,negative
433,UK,negative
434,UK,negative
435,UK,negative
436,UK,negative
437,UK,negative
438,UK,negative
439,UK,negative
440,UK,negative
441,UK,negative
442,UK,negative
443,UK,negative
444,UK,negative
445,UK,negative
446,UK,negative
447,UK,negative
448,UK,negative
449,UK,negative
450,UK,negative
451,UK,negative
452,UK,negative
453,UK,negative
454,UK,negative
455,UK,negative
456,UK,negative
457,UK,negative
458,UK,negative
459,UK,negative
460,UK,negative
461,UK,negative
462,UK,negative
463,UK,negative
464,UK,negative
465,UK,negative
466,UK,negative
467,UK,negative
468,UK,negative
469,UK,negative
470,UK,negative
471,UK,negative
472,UK,negative
473,UK,negative
474,UK,negative
475,UK,negative
476,UK,negative
477,UK,negative
478,UK,negative
479,UK,negative
480,UK,negative
481,UK,negative
482,UK,negative
483,UK,negative
484,UK,negative
485,UK,negative
486,UK,negative
487,UK,negative
488,UK,negative
489,UK,negative
490,UK,negative
491,UK,negative
492,UK,negative
493,UK,negative
494,UK,negative
495,UK,negative
496,UK,negative
497,UK,negative
498,UK,negative
499,UK,negative
500,UK,negative
501,UK,negative
502,UK,negative
503,UK,negative
504,UK,negative
505,UK,negative
506,UK,negative
507,UK,negative
508,UK,negative
509,UK,negative
510,UK,negative
511,UK,negative
512,UK,negative
513,UK,negative
514,UK,negative
515,UK,negative
516,UK,negative
517,UK,negative
518,UK,negative
519,UK,negative
520,UK,negative
521,UK,negative
522,UK,negative
523,UK,negative
524,UK,negative
525,UK,negative
526,UK,negative
527,UK,negative
528,UK,negative
529,UK,negative
530,UK,negative
531,UK,negative
532,UK,negative
533,UK,negative
534,UK,negative
535,UK,negative
536,UK,negative
537,UK,negative
538,UK,negative
539,UK,negative
540,UK,negative
541,UK,negative
542,UK,negative
543,UK,negative
544,UK,negative
545,UK,negative
546,UK,negative
547,UK,negative
548,UK,negative
549,UK,negative
550,UK,negative
551,UK,negative
552,UK,negative
553,UK,negative
554,UK,negative
555,UK,negative
556,UK,negative
557,UK,negative
558,UK,negative
559,UK,negative
560,UK,negative
561,UK,negative
562,UK,negative
563,UK,negative
564,UK,negative
565,UK,negative
566,UK,negative
567,UK,negative
568,UK,negative
569,UK,negative
570,UK,negative
571,UK,negative
572,UK,negative
573,UK,negative
574,UK,negative
575,UK,negative
576,UK,negative
577,UK,negative
578,UK,negative
579,UK,negative
580,UK,negative
581,UK,negative
582,UK,negative
583,UK,negative
584,UK,negative
585,UK,negative
586,UK,negative
587,UK,negative
588,UK,negative
589,UK,negative
590,UK,negative
591,UK,negative
592,UK,negative
593,UK,negative
594,UK,negative
595,UK,negative
596,UK,negative
597,UK,negative
598,UK,negative
599,UK,negative
600,UK,negative
601,UK,negative
602,UK,negative
603,UK,negative
604,UK,negative
605,UK,negative
606,UK,negative
607,UK,negative
608,UK,negative
609,UK,negative
610,UK,negative
611,UK,negative
612,UK,negative
613,UK,negative
614,UK,negative
615,UK,negative
616,UK,negative
617,UK,negative
618,UK,negative
619,UK,negative
620,UK,negative
621,UK,negative
622,UK,negative
623,UK,negative
624,UK,negative
625,UK,negative
626,UK,negative
627,UK,negative
628,UK,negative
629,UK,negative
630,UK,negative
631,UK,negative
632,UK,negative
633,UK,negative
634,UK,negative
635,UK,negative
636,UK,negative
637,UK,negative
638,UK,negative
639,UK,negative
640,UK,negative
641,UK,negative
642,UK,negative
643,UK,negative
644,UK,negative
645,UK,negative
646,UK,negative
647,UK,negative
648,UK,negative
649,UK,negative
650,UK,negative
651,UK,negative
652,UK,negative
653,UK,negative
654,UK,negative
655,UK,negative
656,UK,negative
657,UK,negative
658,UK,negative
659,UK,negative
660,UK,negative
661,UK,negative
662,UK,negative
663,UK,negative
664,UK,negative
665,UK,negative
666,UK,negative
667,UK,negative
668,UK,negative
669,UK,negative
670,UK,negative
671,UK,negative
672,UK,negative
673,UK,negative
674,UK,negative
675,UK,negative
676,UK,negative
677,UK,negative
678,UK,negative
679,UK,negative
680,UK,negative
681,UK,negative
682,UK,negative
683,UK,negative
684,UK,negative
685,UK,negative
686,UK,negative
687,UK,negative
688,UK,negative
689,UK,negative
690,UK,negative
691,UK,negative
692,UK,negative
693,UK,negative
694,UK,negative
695,UK,negative
696,UK,negative
697,UK,negative
698,UK,negative
699,UK,negative
700,UK,negative
701,UK,negative
702,UK,negative
703,UK,negative
704,UK,negative
705,UK,negative
706,UK,negative
707,UK,negative
708,UK,negative
709,UK,negative
710,UK,negative
711,UK,negative
712,UK,negative
713,UK,negative
714,UK,negative
715,UK,negative
716,UK,negative
717,UK,negative
718,UK,negative
719,UK,negative
720,UK,negative
721,UK,negative
722,UK,negative
723,UK,negative
724,UK,negative
725,UK,negative
726,UK,negative
727,UK,negative
728,UK,negative
729,UK,negative
730,UK,negative
731,UK,negative
732,UK,negative
733,UK,negative
734,UK,negative
735,UK,negative
736,UK,negative
737,UK,negative
738,UK,negative
739,UK,negative
740,UK,negative
741,UK,negative
742,UK,negative
743,UK,negative
744,UK,negative
745,UK,negative
746,UK,negative
747,UK,negative
748,UK,negative
749,UK,negative
750,UK,negative
751,UK,negative
752,UK,negative
753,UK,negative
754,UK,negative
755,UK,negative
756,UK,negative
757,UK,negative
758,UK,negative
759,UK,negative
760,UK,negative
761,UK,negative
762,UK,negative
763,UK,negative
764,UK,negative
765,UK,negative
766,UK,negative
767,UK,negative
768,UK,negative
769,UK,negative
770,UK,negative
771,UK,negative
772,UK,negative
773,UK,negative
774,UK,negative
775,UK,negative
776,UK,negative
777,UK,negative
778,UK,negative
779,UK,negative
780,UK,negative
781,UK,negative
782,UK,negative
783,UK,negative
784,UK,negative
785,UK,negative
786,UK,negative
787,UK,negative
788,UK,negative
789,UK,negative
790,UK,negative
791,UK,negative
792,UK,negative
793,UK,negative
794,UK,negative
795,UK,negative
796,UK,negative
797,UK,negative
798,UK,negative
799,UK,negative
800,UK,negative
801,UK,negative
802,UK,negative
803,UK,negative
804,UK,negative
805,UK,negative
806,UK,negative
807,UK,negative
808,UK,negative
809,UK,negative
810,UK,negative
811,UK,negative
812,UK,negative
813,UK,negative
814,UK,negative
815,UK,negative
816,UK,negative
817,UK,negative
818,UK,negative
819,UK,negative
820,UK,negative
821,UK,negative
822,UK,negative
823,UK,negative
824,UK,negative
825,UK,negative
826,UK,negative
827,UK,negative
828,UK,negative
829,UK,negative
830,UK,negative
831,UK,negative
832,UK,negative
833,UK,negative
834,UK,negative
835,UK,negative
836,UK,negative
837,UK,negative
838,UK,negative
839,UK,negative
840,UK,neutral
841,UK,neutral
842,UK,neutral
843,UK,neutral
844,UK,neutral
845,UK,neutral
846,UK,neutral
847,UK,neutral
848,UK,neutral
849,UK,neutral
850,UK,neutral
851,UK,neutral
852,UK,neutral
853,UK,neutral
854,UK,neutral
855,UK,neutral
856,UK,neutral
857,UK,neutral
858,UK,neutral
859,UK,neutral
860,UK,neutral
861,UK,neutral
862,UK,neutral
863,UK,neutral
864,UK,neutral
865,UK,neutral
866,UK,neutral
867,UK,neutral
868,UK,neutral
869,UK,neutral
870,UK,neutral
871,UK,neutral
872,UK,neutral
873,UK,neutral
874,UK,neutral
875,UK,neutral
876,UK,neutral
877,UK,neutral
878,UK,neutral
879,UK,neutral
880,UK,neutral
881,UK,neutral
882,UK,neutral
883,UK,neutral
884,UK,neutral
885,UK,neutral
886,UK,neutral
887,UK,neutral
888,UK,neutral
889,UK,neutral
890,UK,neutral
891,UK,neutral
892,UK,neutral
893,UK,neutral
894,UK,neutral
895,UK,neutral
896,UK,neutral
897,UK,neutral
898,UK,neutral
899,UK,neutral
900,UK,neutral
901,UK,neutral
902,UK,neutral
903,UK,neutral
904,UK,neutral
905,UK,neutral
906,UK,neutral
907,UK,neutral
908,UK,neutral
909,UK,neutral
910,UK,neutral
911,UK,neutral
912,UK,neutral
913,UK,neutral
914,UK,neutral
915,UK,neutral
916,UK,neutral
917,UK,neutral
918,UK,neutral
919,UK,neutral
920,UK,neutral
921,UK,neutral
922,UK,neutral
923,UK,neutral
924,UK,neutral
925,UK,neutral
926,UK,neutral
927,UK,neutral
928,UK,neutral
929,UK,neutral
930,UK,neutral
931,UK,neutral
932,UK,neutral
933,UK,neutral
934,UK,neutral
935,UK,neutral
936,UK,neutral
937,UK,neutral
938,UK,neutral
939,UK,neutral
940,UK,neutral
941,UK,neutral
942,UK,neutral
943,UK,neutral
944,UK,neutral
945,UK,neutral
946,UK,neutral
947,UK,neutral
948,UK,neutral
949,UK,neutral
950,UK,neutral
951,UK,neutral
952,UK,neutral
953,UK,neutral
954,UK,neutral
955,UK,neutral
956,UK,neutral
957,UK,neutral
958,UK,neutral
959,UK,neutral
960,UK,neutral
961,UK,neutral
962,UK,neutral
963,UK,neutral
964,UK,neutral
965,UK,neutral
966,UK,neutral
967,UK,neutral
968,UK,neutral
969,UK,neutral
970,UK,neutral
971,UK,neutral
972,UK,neutral
973,UK,neutral
974,UK,neutral
975,UK,neutral
976,UK,neutral
977,UK,neutral
978,UK,neutral
979,UK,neutral
980,UK,neutral
981,UK,neutral
982,UK,neutral
983,UK,neutral
984,UK,neutral
985,UK,neutral
986,UK,neutral
987,UK,neutral
988,UK,neutral
989,UK,neutral
990,UK,neutral
991,UK,neutral
992,UK,neutral
993,UK,neutral
994,UK,neutral
995,UK,neutral
996,UK,neutral
997,UK,neutral
998,UK,neutral
999,UK,neutral
