id,country,sentiment,proportion
1000,US,positive,US
1001,US,positive,US
1002,US,positive,US
1003,US,positive,US
1004,US,positive,US
1005,US,positive,US
1006,US,positive,US
1007,US,positive,US
1008,US,positive,US
1009,US,positive,US
1010,US,positive,US
1011,US,positive,US
1012,US,positive,US
1013,US,positive,US
1014,US,positive,US
1015,US,positive,US
1016,US,positive,US
1017,US,positive,US
1018,US,positive,US
1019,US,positive,US
1020,US,positive,US
1021,US,positive,US
1022,US,positive,US
1023,US,positive,US
1024,US,positive,US
1025,US,positive,US
1026,US,positive,US
1027,US,positive,US
1028,US,positive,US
1029,US,positive,US
1030,US,positive,US
1031,US,positive,US
1032,US,positive,US
1033,US,positive,US
1034,US,positive,US
1035,US,positive,US
1036,US,positive,US
1037,US,positive,US
1038,US,positive,US
1039,US,positive,US
1040,US,positive,US
1041,US,positive,US
1042,US,positive,US
1043,US,positive,US
1044,US,positive,US
1045,US,positive,US
1046,US,positive,US
1047,US,positive,US
1048,US,positive,US
1049,US,positive,US
1050,US,positive,US
1051,US,positive,US
1052,US,positive,US
1053,US,positive,US
1054,US,positive,US
1055,US,positive,US
1056,US,positive,US
1057,US,positive,US
1058,US,positive,US
1059,US,positive,US
1060,US,positive,US
1061,US,positive,US
1062,US,positive,US
1063,US,positive,US
1064,US,positive,US
1065,US,positive,US
1066,US,positive,US
1067,US,positive,US
1068,US,positive,US
1069,US,positive,US
1070,US,positive,US
1071,US,positive,US
1072,US,positive,US
1073,US,positive,US
1074,US,positive,US
1075,US,positive,US
1076,US,positive,US
1077,US,positive,US
1078,US,positive,US
1079,US,positive,US
1080,US,positive,US
1081,US,positive,US
1082,US,positive,US
1083,US,positive,US
1084,US,positive,US
1085,US,positive,US
1086,US,positive,US
1087,US,positive,US
1088,US,positive,US
1089,US,positive,US
1090,US,positive,US
1091,US,positive,US
1092,US,positive,US
1093,US,positive,US
1094,US,positive,US
1095,US,positive,US
1096,US,positive,US
1097,US,positive,US
1098,US,positive,US
1099,US,positive,US
1100,US,positive,US
1101,US,positive,US
1102,US,positive,US
1103,US,positive,US
1104,US,positive,US
1105,US,positive,US
1106,US,positive,US
1107,US,positive,US
1108,US,positive,US
1109,US,positive,US
1110,US,positive,US
1111,US,positive,US
1112,US,positive,US
1113,US,positive,US
1114,US,positive,US
1115,US,positive,US
1116,US,positive,US
1117,US,positive,US
1118,US,positive,US
1119,US,positive,US
1120,US,positive,US
1121,US,positive,US
1122,US,positive,US
1123,US,positive,US
1124,US,positive,US
1125,US,positive,US
1126,US,positive,US
1127,US,positive,US
1128,US,positive,US
1129,US,positive,US
1130,US,positive,US
1131,US,positive,US
1132,US,positive,US
1133,US,positive,US
1134,US,positive,US
1135,US,positive,US
1136,US,positive,US
1137,US,positive,US
1138,US,positive,US
1139,US,positive,US
1140,US,positive,US
1141,US,positive,US
1142,US,positive,US
1143,US,positive,US
1144,US,positive,US
1145,US,positive,US
1146,US,positive,US
1147,US,positive,US
1148,US,positive,US
1149,US,positive,US
1150,US,positive,US
1151,US,positive,US
1152,US,positive,US
1153,US,positive,US
1154,US,positive,US
1155,US,positive,US
1156,US,positive,US
1157,US,positive,US
1158,US,positive,US
1159,US,positive,US
1160,US,positive,US
1161,US,positive,US
1162,US,positive,US
1163,US,positive,US
1164,US,positive,US
1165,US,positive,US
1166,US,positive,US
1167,US,positive,US
1168,US,positive,US
1169,US,positive,US
1170,US,positive,US
1171,US,positive,US
1172,US,positive,US
1173,US,positive,US
1174,US,positive,US
1175,US,positive,US
1176,US,positive,US
1177,US,positive,US
1178,US,positive,US
1179,US,positive,US
1180,US,positive,US
1181,US,positive,US
1182,US,positive,US
1183,US,positive,US
1184,US,positive,US
1185,US,positive,US
1186,US,positive,US
1187,US,positive,US
1188,US,positive,US
1189,US,positive,US
1190,US,positive,US
1191,US,positive,US
1192,US,positive,US
1193,US,positive,US
1194,US,positive,US
1195,US,positive,US
1196,US,positive,US
1197,US,positive,US
1198,US,positive,US
1199,US,positive,US
1200,US,positive,US
1201,US,positive,US
1202,US,positive,US
1203,US,positive,US
1204,US,positive,US
1205,US,positive,US
1206,US,positive,US
1207,US,positive,US
1208,US,positive,US
1209,US,positive,US
1210,US,positive,US
1211,US,positive,US
1212,US,positive,US
1213,US,positive,US
1214,US,positive,US
1215,US,positive,US
1216,US,positive,US
1217,US,positive,US
1218,US,positive,US
1219,US,positive,US
1220,US,positive,US
1221,US,positive,US
1222,US,positive,US
1223,US,positive,US
1224,US,positive,US
1225,US,positive,US
1226,US,positive,US
1227,US,positive,US
1228,US,positive,US
1229,US,positive,US
1230,US,positive,US
1231,US,positive,US
1232,US,positive,US
1233,US,positive,US
1234,US,positive,US
1235,US,positive,US
1236,US,positive,US
1237,US,positive,US
1238,US,positive,US
1239,US,positive,US
1240,US,positive,US
1241,US,positive,US
1242,US,positive,US
1243,US,positive,US
1244,US,positive,US
1245,US,positive,US
1246,US,positive,US
1247,US,positive,US
1248,US,positive,US
1249,US,positive,US
1250,US,positive,US
1251,US,positive,US
1252,US,positive,US
1253,US,positive,US
1254,US,positive,US
1255,US,positive,US
1256,US,positive,US
1257,US,positive,US
1258,US,positive,US
1259,US,positive,US
1260,US,positive,US
1261,US,positive,US
1262,US,positive,US
1263,US,positive,US
1264,US,positive,US
1265,US,positive,US
1266,US,positive,US
1267,US,positive,US
1268,US,positive,US
1269,US,positive,US
1270,US,positive,US
1271,US,positive,US
1272,US,positive,US
1273,US,positive,US
1274,US,positive,US
1275,US,positive,US
1276,US,positive,US
1277,US,positive,US
1278,US,positive,US
1279,US,positive,US
1280,US,positive,US
1281,US,positive,US
1282,US,positive,US
1283,US,positive,US
1284,US,positive,US
1285,US,positive,US
1286,US,positive,US
1287,US,positive,US
1288,US,positive,US
1289,US,positive,US
1290,US,positive,US
1291,US,positive,US
1292,US,positive,US
1293,US,positive,US
1294,US,positive,US
1295,US,positive,US
1296,US,positive,US
1297,US,positive,US
1298,US,positive,US
1299,US,positive,US
1300,US,positive,US
1301,US,positive,US
1302,US,positive,US
1303,US,positive,US
1304,US,positive,US
1305,US,positive,US
1306,US,positive,US
1307,US,positive,US
1308,US,positive,US
1309,US,positive,US
1310,US,positive,US
1311,US,positive,US
1312,US,positive,US
1313,US,positive,US
1314,US,positive,US
1315,US,positive,US
1316,US,positive,US
1317,US,positive,US
1318,US,positive,US
1319,US,positive,US
1320,US,positive,US
1321,US,positive,US
1322,US,positive,US
1323,US,positive,US
1324,US,positive,US
1325,US,positive,US
1326,US,positive,US
1327,US,positive,US
1328,US,positive,US
1329,US,positive,US
1330,US,positive,US
1331,US,positive,US
1332,US,positive,US
1333,US,positive,US
1334,US,positive,US
1335,US,positive,US
1336,US,positive,US
1337,US,positive,US
1338,US,positive,US
1339,US,positive,US
1340,US,positive,US
1341,US,positive,US
1342,US,positive,US
1343,US,positive,US
1344,US,positive,US
1345,US,positive,US
1346,US,positive,US
1347,US,positive,US
1348,US,positive,US
1349,US,positive,US
1350,US,positive,US
1351,US,positive,US
1352,US,positive,US
1353,US,positive,US
1354,US,positive,US
1355,US,positive,US
1356,US,positive,US
1357,US,positive,US
1358,US,positive,US
1359,US,positive,US
1360,US,positive,US
1361,US,positive,US
1362,US,positive,US
1363,US,positive,US
1364,US,positive,US
1365,US,positive,US
1366,US,positive,US
1367,US,positive,US
1368,US,positive,US
1369,US,positive,US
1370,US,positive,US
1371,US,positive,US
1372,US,positive,US
1373,US,positive,US
1374,US,positive,US
1375,US,positive,US
1376,US,positive,US
1377,US,positive,US
1378,US,positive,US
1379,US,positive,US
1380,US,positive,US
1381,US,positive,US
1382,US,positive,US
1383,US,positive,US
1384,US,positive,US
1385,US,positive,US
1386,US,positive,US
1387,US,positive,US
1388,US,positive,US
1389,US,positive,US
1390,US,positive,US
1391,US,positive,US
1392,US,positive,US
1393,US,positive,US
1394,US,positive,US
1395,US,positive,US
1396,US,positive,US
1397,US,positive,US
1398,US,positive,US
1399,US,positive,US
1400,US,positive,US
1401,US,positive,US
1402,US,positive,US
1403,US,positive,US
1404,US,positive,US
1405,US,positive,US
1406,US,positive,US
1407,US,positive,US
1408,US,positive,US
1409,US,positive,US
1410,US,positive,US
1411,US,positive,US
1412,US,positive,US
1413,US,positive,US
1414,US,positive,US
1415,US,positive,US
1416,US,positive,US
1417,US,positive,US
1418,US,positive,US
1419,US,positive,US
1420,US,positive,US
1421,US,positive,US
1422,US,positive,US
1423,US,positive,US
1424,US,positive,US
1425,US,positive,US
1426,US,positive,US
1427,US,positive,US
1428,US,positive,US
1429,US,positive,US
1430,US,positive,US
1431,US,positive,US
1432,US,positive,US
1433,US,positive,US
1434,US,positive,US
1435,US,positive,US
1436,US,positive,US
1437,US,positive,US
1438,US,positive,US
1439,US,positive,US
1440,US,positive,US
1441,US,positive,US
1442,US,positive,US
1443,US,positive,US
1444,US,positive,US
1445,US,positive,US
1446,US,positive,US
1447,US,positive,US
1448,US,positive,US
1449,US,positive,US
1450,US,positive,US
1451,US,positive,US
1452,US,positive,US
1453,US,positive,US
1454,US,positive,US
1455,US,positive,US
1456,US,positive,US
1457,US,positive,US
1458,US,positive,US
1459,US,positive,US
1460,US,positive,US
1461,US,positive,US
1462,US,positive,US
1463,US,positive,US
1464,US,positive,US
1465,US,positive,US
1466,US,positive,US
1467,US,positive,US
1468,US,positive,US
1469,US,positive,US
1470,US,positive,US
1471,US,positive,US
1472,US,positive,US
1473,US,positive,US
1474,US,positive,US
1475,US,positive,US
1476,US,positive,US
1477,US,positive,US
1478,US,positive,US
1479,US,positive,US
1480,US,positive,US
1481,US,positive,US
1482,US,positive,US
1483,US,positive,US
1484,US,positive,US
1485,US,positive,US
1486,US,positive,US
1487,US,positive,US
1488,US,positive,US
1489,US,positive,US
1490,US,positive,US
1491,US,positive,US
1492,US,positive,US
1493,US,positive,US
1494,US,positive,US
1495,US,positive,US
1496,US,positive,US
1497,US,positive,US
1498,US,positive,US
1499,US,positive,US
1500,US,positive,US
1501,US,positive,US
1502,US,positive,US
1503,US,positive,US
1504,US,positive,US
1505,US,positive,US
1506,US,positive,US
1507,US,positive,US
1508,US,positive,US
1509,US,positive,US
1510,US,positive,US
1511,US,positive,US
1512,US,positive,US
1513,US,positive,US
1514,US,positive,US
1515,US,positive,US
1516,US,positive,US
1517,US,positive,US
1518,US,positive,US
1519,US,positive,US
1520,US,positive,US
1521,US,positive,US
1522,US,positive,US
1523,US,positive,US
1524,US,positive,US
1525,US,positive,US
1526,US,positive,US
1527,US,positive,US
1528,US,positive,US
1529,US,positive,US
1530,US,positive,US
1531,US,positive,US
1532,US,positive,US
1533,US,positive,US
1534,US,positive,US
1535,US,positive,US
1536,US,positive,US
1537,US,positive,US
1538,US,positive,US
1539,US,positive,US
1540,US,positive,US
1541,US,positive,US
1542,US,positive,US
1543,US,positive,US
1544,US,positive,US
1545,US,positive,US
1546,US,positive,US
1547,US,positive,US
1548,US,positive,US
1549,US,positive,US
1550,US,positive,US
1551,US,positive,US
1552,US,positive,US
1553,US,positive,US
1554,US,positive,US
1555,US,positive,US
1556,US,positive,US
1557,US,positive,US
1558,US,positive,US
1559,US,positive,US
1560,US,positive,US
1561,US,positive,US
1562,US,positive,US
1563,US,positive,US
1564,US,positive,US
1565,US,positive,US
1566,US,positive,US
1567,US,positive,US
1568,US,positive,US
1569,US,positive,US
1570,US,positive,US
1571,US,positive,US
1572,US,positive,US
1573,US,positive,US
1574,US,positive,US
1575,US,positive,US
1576,US,positive,US
1577,US,positive,US
1578,US,positive,US
1579,US,positive,US
1580,US,positive,US
1581,US,positive,US
1582,US,positive,US
1583,US,positive,US
1584,US,positive,US
1585,US,positive,US
1586,US,positive,US
1587,US,positive,US
1588,US,positive,US
1589,US,positive,US
1590,US,positive,US
1591,US,positive,US
1592,US,positive,US
1593,US,positive,US
1594,US,positive,US
1595,US,positive,US
1596,US,positive,US
1597,US,positive,US
1598,US,positive,US
1599,US,positive,US
1600,US,positive,US
1601,US,positive,US
1602,US,positive,US
1603,US,positive,US
1604,US,positive,US
1605,US,positive,US
1606,US,positive,US
1607,US,positive,US
1608,US,positive,US
1609,US,positive,US
1610,US,positive,US
1611,US,positive,US
1612,US,positive,US
1613,US,positive,US
1614,US,positive,US
1615,US,positive,US
1616,US,positive,US
1617,US,positive,US
1618,US,positive,US
1619,US,positive,US
1620,US,positive,US
1621,US,positive,US
1622,US,positive,US
1623,US,positive,US
1624,US,positive,US
1625,US,positive,US
1626,US,positive,US
1627,US,positive,US
1628,US,positive,US
1629,US,positive,US
1630,US,positive,US
1631,US,positive,US
1632,US,positive,US
1633,US,positive,US
1634,US,positive,US
1635,US,positive,US
1636,US,positive,US
1637,US,positive,US
1638,US,positive,US
1639,US,positive,US
1640,US,positive,US
1641,US,positive,US
1642,US,positive,US
1643,US,positive,US
1644,US,positive,US
1645,US,positive,US
1646,US,positive,US
1647,US,positive,US
1648,US,positive,US
1649,US,positive,US
1650,US,positive,US
1651,US,positive,US
1652,US,positive,US
1653,US,positive,US
1654,US,positive,US
1655,US,positive,US
1656,US,positive,US
1657,US,positive,US
1658,US,positive,US
1659,US,positive,US
1660,US,positive,US
1661,US,positive,US
1662,US,positive,US
1663,US,positive,US
1664,US,positive,US
1665,US,positive,US
1666,US,positive,US
1667,US,positive,US
1668,US,positive,US
1669,US,positive,US
1670,US,positive,US
1671,US,positive,US
1672,US,positive,US
1673,US,positive,US
1674,US,positive,US
1675,US,positive,US
1676,US,positive,US
1677,US,positive,US
1678,US,positive,US
1679,US,positive,US
1680,US,positive,US
1681,US,positive,US
1682,US,positive,US
1683,US,positive,US
1684,US,positive,US
1685,US,positive,US
1686,US,positive,US
1687,US,positive,US
1688,US,positive,US
1689,US,positive,US
1690,US,positive,US
1691,US,positive,US
1692,US,positive,US
1693,US,positive,US
1694,US,positive,US
1695,US,positive,US
1696,US,positive,US
1697,US,positive,US
1698,US,positive,US
1699,US,positive,US
1700,US,positive,US
1701,US,positive,US
1702,US,positive,US
1703,US,positive,US
1704,US,positive,US
1705,US,positive,US
1706,US,positive,US
1707,US,positive,US
1708,US,positive,US
1709,US,positive,US
1710,US,positive,US
1711,US,positive,US
1712,US,positive,US
1713,US,positive,US
1714,US,positive,US
1715,US,positive,US
1716,US,positive,US
1717,US,positive,US
1718,US,positive,US
1719,US,positive,US
1720,US,positive,US
1721,US,positive,US
1722,US,positive,US
1723,US,positive,US
1724,US,positive,US
1725,US,positive,US
1726,US,positive,US
1727,US,positive,US
1728,US,positive,US
1729,US,positive,US
1730,US,positive,US
1731,US,positive,US
1732,US,positive,US
1733,US,positive,US
1734,US,positive,US
1735,US,positive,US
1736,US,positive,US
1737,US,positive,US
1738,US,positive,US
1739,US,positive,US
1740,US,positive,US
1741,US,positive,US
1742,US,positive,US
1743,US,positive,US
1744,US,positive,US
1745,US,positive,US
1746,US,positive,US
1747,US,positive,US
1748,US,positive,US
1749,US,positive,US
1750,US,positive,US
1751,US,positive,US
1752,US,positive,US
1753,US,positive,US
1754,US,positive,US
1755,US,positive,US
1756,US,positive,US
1757,US,positive,US
1758,US,positive,US
1759,US,positive,US
1760,US,positive,US
1761,US,positive,US
1762,US,positive,US
1763,US,positive,US
1764,US,positive,US
1765,US,positive,US
1766,US,positive,US
1767,US,positive,US
1768,US,positive,US
1769,US,positive,US
1770,US,positive,US
1771,US,positive,US
1772,US,positive,US
1773,US,positive,US
1774,US,positive,US
1775,US,positive,US
1776,US,positive,US
1777,US,positive,US
1778,US,positive,US
1779,US,positive,US
1780,US,positive,US
1781,US,positive,US
1782,US,positive,US
1783,US,positive,US
1784,US,positive,US
1785,US,positive,US
1786,US,positive,US
1787,US,positive,US
1788,US,positive,US
1789,US,positive,US
1790,US,positive,US
1791,US,positive,US
1792,US,positive,US
1793,US,positive,US
1794,US,positive,US
1795,US,positive,US
1796,US,positive,US
1797,US,positive,US
1798,US,positive,US
1799,US,positive,US
1800,US,positive,US
1801,US,positive,US
1802,US,positive,US
1803,US,positive,US
1804,US,positive,US
1805,US,positive,US
1806,US,positive,US
1807,US,positive,US
1808,US,positive,US
1809,US,positive,US
1810,US,positive,US
1811,US,positive,US
1812,US,positive,US
1813,US,positive,US
1814,US,positive,US
1815,US,positive,US
1816,US,positive,US
1817,US,positive,US
1818,US,positive,US
1819,US,positive,US
1820,US,positive,US
1821,US,positive,US
1822,US,positive,US
1823,US,positive,US
1824,US,positive,US
1825,US,positive,US
1826,US,positive,US
1827,US,positive,US
1828,US,positive,US
1829,US,positive,US
1830,US,negative,US
1831,US,negative,US
1832,US,negative,US
1833,US,negative,US
1834,US,negative,US
1835,US,negative,US
1836,US,negative,US
1837,US,negative,US
1838,US,negative,US
1839,US,negative,US
1840,US,negative,US
1841,US,negative,US
1842,US,negative,US
1843,US,negative,US
1844,US,negative,US
1845,US,negative,US
1846,US,negative,US
1847,US,negative,US
1848,US,negative,US
1849,US,negative,US
1850,US,negative,US
1851,US,negative,US
1852,US,negative,US
1853,US,negative,US
1854,US,negative,US
1855,US,negative,US
1856,US,negative,US
1857,US,negative,US
1858,US,negative,US
1859,US,negative,US
1860,US,negative,US
1861,US,negative,US
1862,US,negative,US
1863,US,negative,US
1864,US,negative,US
1865,US,negative,US
1866,US,negative,US
1867,US,negative,US
1868,US,negative,US
1869,US,negative,US
1870,US,negative,US
1871,US,negative,US
1872,US,negative,US
1873,US,negative,US
1874,US,negative,US
1875,US,negative,US
1876,US,negative,US
1877,US,negative,US
1878,US,negative,US
1879,US,negative,US
1880,US,negative,US
1881,US,negative,US
1882,US,negative,US
1883,US,negative,US
1884,US,negative,US
1885,US,negative,US
1886,US,negative,US
1887,US,negative,US
1888,US,negative,US
1889,US,negative,US
1890,US,negative,US
1891,US,negative,US
1892,US,negative,US
1893,US,negative,US
1894,US,negative,US
1895,US,negative,US
1896,US,negative,US
1897,US,negative,US
1898,US,negative,US
1899,US,negative,US
1900,US,negative,US
1901,US,negative,US
1902,US,negative,US
1903,US,negative,US
1904,US,negative,US
1905,US,negative,US
1906,US,negative,US
1907,US,negative,US
1908,US,negative,US
1909,US,negative,US
1910,US,negative,US
1911,US,negative,US
1912,US,negative,US
1913,US,negative,US
1914,US,negative,US
1915,US,negative,US
1916,US,negative,US
1917,US,negative,US
1918,US,negative,US
1919,US,negative,US
1920,US,negative,US
1921,US,negative,US
1922,US,negative,US
1923,US,negative,US
1924,US,negative,US
1925,US,negative,US
1926,US,negative,US
1927,US,negative,US
1928,US,negative,US
1929,US,negative,US
1930,US,negative,US
1931,US,negative,US
1932,US,negative,US
1933,US,negative,US
1934,US,negative,US
1935,US,negative,US
1936,US,negative,US
1937,US,negative,US
1938,US,negative,US
1939,US,negative,US
1940,US,negative,US
1941,US,negative,US
1942,US,negative,US
1943,US,negative,US
1944,US,negative,US
1945,US,negative,US
1946,US,negative,US
1947,US,negative,US
1948,US,negative,US
1949,US,negative,US
1950,US,negative,US
1951,US,negative,US
1952,US,negative,US
1953,US,negative,US
1954,US,negative,US
1955,US,negative,US
1956,US,negative,US
1957,US,negative,US
1958,US,negative,US
1959,US,negative,US
1960,US,negative,US
1961,US,negative,US
1962,US,negative,US
1963,US,negative,US
1964,US,negative,US
1965,US,negative,US
1966,US,negative,US
1967,US,negative,US
1968,US,negative,US
1969,US,negative,US
1970,US,negative,US
1971,US,negative,US
1972,US,negative,US
1973,US,negative,US
1974,US,negative,US
1975,US,negative,US
1976,US,negative,US
1977,US,negative,US
1978,US,negative,US
1979,US,negative,US
1980,US,negative,US
1981,US,negative,US
1982,US,negative,US
1983,US,negative,US
1984,US,negative,US
1985,US,negative,US
1986,US,negative,US
1987,US,negative,US
1988,US,negative,US
1989,US,negative,US
1990,US,negative,US
1991,US,negative,US
1992,US,negative,US
1993,US,negative,US
1994,US,negative,US
1995,US,negative,US
1996,US,negative,US
1997,US,negative,US
1998,US,negative,US
1999,US,negative,US
2000,US,negative,US
2001,US,negative,US
2002,US,negative,US
2003,US,negative,US
2004,US,negative,US
2005,US,negative,US
2006,US,negative,US
2007,US,negative,US
2008,US,negative,US
2009,US,negative,US
2010,US,negative,US
2011,US,negative,US
2012,US,negative,US
2013,US,negative,US
2014,US,negative,US
2015,US,negative,US
2016,US,negative,US
2017,US,negative,US
2018,US,negative,US
2019,US,negative,US
2020,US,negative,US
2021,US,negative,US
2022,US,negative,US
2023,US,negative,US
2024,US,negative,US
2025,US,negative,US
2026,US,negative,US
2027,US,negative,US
2028,US,negative,US
2029,US,negative,US
2030,US,negative,US
2031,US,negative,US
2032,US,negative,US
2033,US,negative,US
2034,US,negative,US
2035,US,negative,US
2036,US,negative,US
2037,US,negative,US
2038,US,negative,US
2039,US,negative,US
2040,US,negative,US
2041,US,negative,US
2042,US,negative,US
2043,US,negative,US
2044,US,negative,US
2045,US,negative,US
2046,US,negative,US
2047,US,negative,US
2048,US,negative,US
2049,US,negative,US
2050,US,negative,US
2051,US,negative,US
2052,US,negative,US
2053,US,negative,US
2054,US,negative,US
2055,US,negative,US
2056,US,negative,US
2057,US,negative,US
2058,US,negative,US
2059,US,negative,US
2060,US,negative,US
2061,US,negative,US
2062,US,negative,US
2063,US,negative,US
2064,US,negative,US
2065,US,negative,US
2066,US,negative,US
2067,US,negative,US
2068,US,negative,US
2069,US,negative,US
2070,US,negative,US
2071,US,negative,US
2072,US,negative,US
2073,US,negative,US
2074,US,negative,US
2075,US,negative,US
2076,US,negative,US
2077,US,negative,US
2078,US,negative,US
2079,US,negative,US
2080,US,negative,US
2081,US,negative,US
2082,US,negative,US
2083,US,negative,US
2084,US,negative,US
2085,US,negative,US
2086,US,negative,US
2087,US,negative,US
2088,US,negative,US
2089,US,negative,US
2090,US,negative,US
2091,US,negative,US
2092,US,negative,US
2093,US,negative,US
2094,US,negative,US
2095,US,negative,US
2096,US,negative,US
2097,US,negative,US
2098,US,negative,US
2099,US,negative,US
2100,US,negative,US
2101,US,negative,US
2102,US,negative,US
2103,US,negative,US
2104,US,negative,US
2105,US,negative,US
2106,US,negative,US
2107,US,negative,US
2108,US,negative,US
2109,US,negative,US
2110,US,negative,US
2111,US,negative,US
2112,US,negative,US
2113,US,negative,US
2114,US,negative,US
2115,US,negative,US
2116,US,negative,US
2117,US,negative,US
2118,US,negative,US
2119,US,negative,US
2120,US,negative,US
2121,US,negative,US
2122,US,negative,US
2123,US,negative,US
2124,US,negative,US
2125,US,negative,US
2126,US,negative,US
2127,US,negative,US
2128,US,negative,US
2129,US,negative,US
2130,US,negative,US
2131,US,negative,US
2132,US,negative,US
2133,US,negative,US
2134,US,negative,US
2135,US,negative,US
2136,US,negative,US
2137,US,negative,US
2138,US,negative,US
2139,US,negative,US
2140,US,negative,US
2141,US,negative,US
2142,US,negative,US
2143,US,negative,US
2144,US,negative,US
2145,US,negative,US
2146,US,negative,US
2147,US,negative,US
2148,US,negative,US
2149,US,negative,US
2150,US,negative,US
2151,US,negative,US
2152,US,negative,US
2153,US,negative,US
2154,US,negative,US
2155,US,negative,US
2156,US,negative,US
2157,US,negative,US
2158,US,negative,US
2159,US,negative,US
2160,US,negative,US
2161,US,negative,US
2162,US,negative,US
2163,US,negative,US
2164,US,negative,US
2165,US,negative,US
2166,US,negative,US
2167,US,negative,US
2168,US,negative,US
2169,US,negative,US
2170,US,negative,UK
2171,US,negative,UK
2172,US,negative,UK
2173,US,negative,UK
2174,US,negative,UK
2175,US,negative,UK
2176,US,negative,UK
2177,US,negative,UK
2178,US,negative,UK
2179,US,negative,UK
2180,US,negative,UK
2181,US,negative,UK
2182,US,negative,UK
2183,US,negative,UK
2184,US,negative,UK
2185,US,negative,UK
2186,US,negative,UK
2187,US,negative,UK
2188,US,negative,UK
2189,US,negative,UK
2190,US,negative,UK
2191,US,negative,UK
2192,US,negative,UK
2193,US,negative,UK
2194,US,negative,UK
2195,US,negative,UK
2196,US,negative,UK
2197,US,negative,UK
2198,US,negative,UK
2199,US,negative,UK
2200,US,negative,UK
2201,US,negative,UK
2202,US,negative,UK
2203,US,negative,UK
2204,US,negative,UK
2205,US,negative,UK
2206,US,negative,UK
2207,US,negative,UK
2208,US,negative,UK
2209,US,negative,UK
2210,US,negative,UK
2211,US,negative,UK
2212,US,negative,UK
2213,US,negative,UK
2214,US,negative,UK
2215,US,negative,UK
2216,US,negative,UK
2217,US,negative,UK
2218,US,negative,UK
2219,US,negative,UK
2220,US,negative,UK
2221,US,negative,UK
2222,US,negative,UK
2223,US,negative,UK
2224,US,negative,UK
2225,US,negative,UK
2226,US,negative,UK
2227,US,negative,UK
2228,US,negative,UK
2229,US,negative,UK
2230,US,negative,UK
2231,US,negative,UK
2232,US,negative,UK
2233,US,negative,UK
2234,US,negative,UK
2235,US,negative,UK
2236,US,negative,UK
2237,US,negative,UK
2238,US,negative,UK
2239,US,negative,UK
2240,US,negative,UK
2241,US,negative,UK
2242,US,negative,UK
2243,US,negative,UK
2244,US,negative,UK
2245,US,negative,UK
2246,US,negative,UK
2247,US,negative,UK
2248,US,negative,UK
2249,US,negative,UK
2250,US,negative,UK
2251,US,negative,UK
2252,US,negative,UK
2253,US,negative,UK
2254,US,negative,UK
2255,US,negative,UK
2256,US,negative,UK
2257,US,negative,UK
2258,US,negative,UK
2259,US,negative,UK
2260,US,negative,UK
2261,US,negative,UK
2262,US,negative,UK
2263,US,negative,UK
2264,US,negative,UK
2265,US,negative,UK
2266,US,negative,UK
2267,US,negative,UK
2268,US,negative,UK
2269,US,negative,UK
2270,US,negative,UK
2271,US,negative,UK
2272,US,negative,UK
2273,US,negative,UK
2274,US,negative,UK
2275,US,negative,UK
2276,US,negative,UK
2277,US,negative,UK
2278,US,negative,UK
2279,US,negative,UK
2280,US,negative,UK
2281,US,negative,UK
2282,US,negative,UK
2283,US,negative,UK
2284,US,negative,UK
2285,US,negative,UK
2286,US,negative,UK
2287,US,negative,UK
2288,US,negative,UK
2289,US,negative,UK
2290,US,negative,UK
2291,US,negative,UK
2292,US,negative,UK
2293,US,negative,UK
2294,US,negative,UK
2295,US,negative,UK
2296,US,negative,UK
2297,US,negative,UK
2298,US,negative,UK
2299,US,negative,UK
2300,US,negative,UK
2301,US,negative,UK
2302,US,negative,UK
2303,US,negative,UK
2304,US,negative,UK
2305,US,negative,UK
2306,US,negative,UK
2307,US,negative,UK
2308,US,negative,UK
2309,US,negative,UK
2310,US,negative,UK
2311,US,negative,UK
2312,US,negative,UK
2313,US,negative,UK
2314,US,negative,UK
2315,US,negative,UK
2316,US,negative,UK
2317,US,negative,UK
2318,US,negative,UK
2319,US,negative,UK
2320,US,negative,UK
2321,US,negative,UK
2322,US,negative,UK
2323,US,negative,UK
2324,US,negative,UK
2325,US,negative,UK
2326,US,negative,UK
2327,US,negative,UK
2328,US,negative,UK
2329,US,negative,UK
2330,US,negative,UK
2331,US,negative,UK
2332,US,negative,UK
2333,US,negative,UK
2334,US,negative,UK
2335,US,negative,UK
2336,US,negative,UK
2337,US,negative,UK
2338,US,negative,UK
2339,US,negative,UK
2340,US,negative,UK
2341,US,negative,UK
2342,US,negative,UK
2343,US,negative,UK
2344,US,negative,UK
2345,US,negative,UK
2346,US,negative,UK
2347,US,negative,UK
2348,US,negative,UK
2349,US,negative,UK
2350,US,negative,UK
2351,US,negative,UK
2352,US,negative,UK
2353,US,negative,UK
2354,US,negative,UK
2355,US,negative,UK
2356,US,negative,UK
2357,US,negative,UK
2358,US,negative,UK
2359,US,negative,UK
2360,US,negative,UK
2361,US,negative,UK
2362,US,negative,UK
2363,US,negative,UK
2364,US,negative,UK
2365,US,negative,UK
2366,US,negative,UK
2367,US,negative,UK
2368,US,negative,UK
2369,US,negative,UK
2370,US,negative,UK
2371,US,negative,UK
2372,US,negative,UK
2373,US,negative,UK
2374,US,negative,UK
2375,US,negative,UK
2376,US,negative,UK
2377,US,negative,UK
2378,US,negative,UK
2379,US,negative,UK
2380,US,negative,UK
2381,US,negative,UK
2382,US,negative,UK
2383,US,negative,UK
2384,US,negative,UK
2385,US,negative,UK
2386,US,negative,UK
2387,US,negative,UK
2388,US,negative,UK
2389,US,negative,UK
2390,US,negative,UK
2391,US,negative,UK
2392,US,negative,UK
2393,US,negative,UK
2394,US,negative,UK
2395,US,negative,UK
2396,US,negative,UK
2397,US,negative,UK
2398,US,negative,UK
2399,US,negative,UK
2400,US,negative,UK
2401,US,negative,UK
2402,US,negative,UK
2403,US,negative,UK
2404,US,negative,UK
2405,US,negative,UK
2406,US,negative,UK
2407,US,negative,UK
2408,US,negative,UK
2409,US,negative,UK
2410,US,negative,UK
2411,US,negative,UK
2412,US,negative,UK
2413,US,negative,UK
2414,US,negative,UK
2415,US,negative,UK
2416,US,negative,UK
2417,US,negative,UK
2418,US,negative,UK
2419,US,negative,UK
2420,US,negative,UK
2421,US,negative,UK
2422,US,negative,UK
2423,US,negative,UK
2424,US,negative,UK
2425,US,negative,UK
2426,US,negative,UK
2427,US,negative,UK
2428,US,negative,UK
2429,US,negative,UK
2430,US,negative,UK
2431,US,negative,UK
2432,US,negative,UK
2433,US,negative,UK
2434,US,negative,UK
2435,US,negative,UK
2436,US,negative,UK
2437,US,negative,UK
2438,US,negative,UK
2439,US,negative,UK
2440,US,negative,UK
2441,US,negative,UK
2442,US,negative,UK
2443,US,negative,UK
2444,US,negative,UK
2445,US,negative,UK
2446,US,negative,UK
2447,US,negative,UK
2448,US,negative,UK
2449,US,negative,UK
2450,US,negative,UK
2451,US,negative,UK
2452,US,negative,UK
2453,US,negative,UK
2454,US,negative,UK
2455,US,negative,UK
2456,US,negative,UK
2457,US,negative,UK
2458,US,negative,UK
2459,US,negative,UK
2460,US,negative,UK
2461,US,negative,UK
2462,US,negative,UK
2463,US,negative,UK
2464,US,negative,UK
2465,US,negative,UK
2466,US,negative,UK
2467,US,negative,UK
2468,US,negative,UK
2469,US,negative,UK
2470,US,negative,UK
2471,US,negative,UK
2472,US,negative,UK
2473,US,negative,UK
2474,US,negative,UK
2475,US,negative,UK
2476,US,negative,UK
2477,US,negative,UK
2478,US,negative,UK
2479,US,negative,UK
2480,US,negative,UK
2481,US,negative,UK
2482,US,negative,UK
2483,US,negative,UK
2484,US,negative,UK
2485,US,negative,UK
2486,US,negative,UK
2487,US,negative,UK
2488,US,negative,UK
2489,US,negative,UK
2490,US,negative,UK
2491,US,negative,UK
2492,US,negative,UK
2493,US,negative,UK
2494,US,negative,UK
2495,US,negative,UK
2496,US,negative,UK
2497,US,negative,UK
2498,US,negative,UK
2499,US,negative,UK
2500,US,negative,UK
2501,US,negative,UK
2502,US,negative,UK
2503,US,negative,UK
2504,US,negative,UK
2505,US,negative,UK
2506,US,negative,UK
2507,US,negative,UK
2508,US,negative,UK
2509,US,negative,UK
2510,US,negative,UK
2511,US,negative,UK
2512,US,negative,UK
2513,US,negative,UK
2514,US,negative,UK
2515,US,negative,UK
2516,US,negative,UK
2517,US,negative,UK
2518,US,negative,UK
2519,US,negative,UK
2520,US,negative,UK
2521,US,negative,UK
2522,US,negative,UK
2523,US,negative,UK
2524,US,negative,UK
2525,US,negative,UK
2526,US,negative,UK
2527,US,negative,UK
2528,US,negative,UK
2529,US,negative,UK
2530,US,negative,UK
2531,US,negative,UK
2532,US,negative,UK
2533,US,negative,UK
2534,US,negative,UK
2535,US,negative,UK
2536,US,negative,UK
2537,US,negative,UK
2538,US,negative,UK
2539,US,negative,UK
2540,US,negative,UK
2541,US,negative,UK
2542,US,negative,UK
2543,US,negative,UK
2544,US,negative,UK
2545,US,negative,UK
2546,US,negative,UK
2547,US,negative,UK
2548,US,negative,UK
2549,US,negative,UK
2550,US,negative,UK
2551,US,negative,UK
2552,US,negative,UK
2553,US,negative,UK
2554,US,negative,UK
2555,US,negative,UK
2556,US,negative,UK
2557,US,negative,UK
2558,US,negative,UK
2559,US,negative,UK
2560,US,negative,UK
2561,US,negative,UK
2562,US,negative,UK
2563,US,negative,UK
2564,US,negative,UK
2565,US,negative,UK
2566,US,negative,UK
2567,US,negative,UK
2568,US,negative,UK
2569,US,negative,UK
2570,US,negative,UK
2571,US,negative,UK
2572,US,negative,UK
2573,US,negative,UK
2574,US,negative,UK
2575,US,negative,UK
2576,US,negative,UK
2577,US,negative,UK
2578,US,negative,UK
2579,US,negative,UK
2580,US,negative,UK
2581,US,negative,UK
2582,US,negative,UK
2583,US,negative,UK
2584,US,negative,UK
2585,US,negative,UK
2586,US,negative,UK
2587,US,negative,UK
2588,US,negative,UK
2589,US,negative,UK
2590,US,negative,UK
2591,US,negative,UK
2592,US,negative,UK
2593,US,negative,UK
2594,US,negative,UK
2595,US,negative,UK
2596,US,negative,UK
2597,US,negative,UK
2598,US,negative,UK
2599,US,negative,UK
2600,US,negative,UK
2601,US,negative,UK
2602,US,negative,UK
2603,US,negative,UK
2604,US,negative,UK
2605,US,negative,UK
2606,US,negative,UK
2607,US,negative,UK
2608,US,negative,UK
2609,US,negative,UK
2610,US,negative,UK
2611,US,negative,UK
2612,US,negative,UK
2613,US,negative,UK
2614,US,negative,UK
2615,US,negative,UK
2616,US,negative,UK
2617,US,negative,UK
2618,US,negative,UK
2619,US,negative,UK
2620,US,negative,UK
2621,US,negative,UK
2622,US,negative,UK
2623,US,negative,UK
2624,US,negative,UK
2625,US,negative,UK
2626,US,negative,UK
2627,US,negative,UK
2628,US,negative,UK
2629,US,negative,UK
2630,US,negative,UK
2631,US,negative,UK
2632,US,negative,UK
2633,US,negative,UK
2634,US,negative,UK
2635,US,negative,UK
2636,US,negative,UK
2637,US,negative,UK
2638,US,negative,UK
2639,US,negative,UK
2640,US,negative,UK
2641,US,negative,UK
2642,US,negative,UK
2643,US,negative,UK
2644,US,negative,UK
2645,US,negative,UK
2646,US,negative,UK
2647,US,negative,UK
2648,US,negative,UK
2649,US,negative,UK
2650,US,negative,UK
2651,US,negative,UK
2652,US,negative,UK
2653,US,negative,UK
2654,US,negative,UK
2655,US,negative,UK
2656,US,negative,UK
2657,US,negative,UK
2658,US,negative,UK
2659,US,negative,UK
2660,US,negative,UK
2661,US,negative,UK
2662,US,negative,UK
2663,US,negative,UK
2664,US,negative,UK
2665,US,negative,UK
2666,US,negative,UK
2667,US,negative,UK
2668,US,negative,UK
2669,US,negative,UK
2670,US,negative,UK
2671,US,negative,UK
2672,US,negative,UK
2673,US,negative,UK
2674,US,negative,UK
2675,US,negative,UK
2676,US,negative,UK
2677,US,negative,UK
2678,US,negative,UK
2679,US,negative,UK
2680,US,negative,UK
2681,US,negative,UK
2682,US,negative,UK
2683,US,negative,UK
2684,US,negative,UK
2685,US,negative,UK
2686,US,negative,UK
2687,US,negative,UK
2688,US,negative,UK
2689,US,negative,UK
2690,US,negative,UK
2691,US,negative,UK
2692,US,negative,UK
2693,US,negative,UK
2694,US,negative,UK
2695,US,negative,UK
2696,US,negative,UK
2697,US,negative,UK
2698,US,negative,UK
2699,US,negative,UK
2700,US,negative,UK
2701,US,negative,UK
2702,US,negative,UK
2703,US,negative,UK
2704,US,negative,UK
2705,US,negative,UK
2706,US,negative,UK
2707,US,negative,UK
2708,US,negative,UK
2709,US,negative,UK
2710,US,negative,UK
2711,US,negative,UK
2712,US,negative,UK
2713,US,negative,UK
2714,US,negative,UK
2715,US,negative,UK
2716,US,negative,UK
2717,US,negative,UK
2718,US,negative,UK
2719,US,negative,UK
2720,US,negative,UK
2721,US,negative,UK
2722,US,negative,UK
2723,US,negative,UK
2724,US,negative,UK
2725,US,negative,UK
2726,US,negative,UK
2727,US,negative,UK
2728,US,negative,UK
2729,US,negative,UK
2730,US,negative,UK
2731,US,negative,UK
2732,US,negative,UK
2733,US,negative,UK
2734,US,negative,UK
2735,US,negative,UK
2736,US,negative,UK
2737,US,negative,UK
2738,US,negative,UK
2739,US,negative,UK
2740,US,negative,UK
2741,US,negative,UK
2742,US,negative,UK
2743,US,negative,UK
2744,US,negative,UK
2745,US,negative,UK
2746,US,negative,UK
2747,US,negative,UK
2748,US,negative,UK
2749,US,negative,UK
2750,US,negative,UK
2751,US,negative,UK
2752,US,negative,UK
2753,US,negative,UK
2754,US,negative,UK
2755,US,negative,UK
2756,US,negative,UK
2757,US,negative,UK
2758,US,negative,UK
2759,US,negative,UK
2760,US,negative,UK
2761,US,negative,UK
2762,US,negative,UK
2763,US,negative,UK
2764,US,negative,UK
2765,US,negative,UK
2766,US,negative,UK
2767,US,negative,UK
2768,US,negative,UK
2769,US,negative,UK
2770,US,negative,UK
2771,US,negative,UK
2772,US,negative,UK
2773,US,negative,UK
2774,US,negative,UK
2775,US,negative,UK
2776,US,negative,UK
2777,US,negative,UK
2778,US,negative,UK
2779,US,negative,UK
2780,US,negative,UK
2781,US,negative,UK
2782,US,negative,UK
2783,US,negative,UK
2784,US,negative,UK
2785,US,negative,UK
2786,US,negative,UK
2787,US,negative,UK
2788,US,negative,UK
2789,US,negative,UK
2790,US,negative,UK
2791,US,negative,UK
2792,US,negative,UK
2793,US,negative,UK
2794,US,negative,UK
2795,US,negative,UK
2796,US,negative,UK
2797,US,negative,UK
2798,US,negative,UK
2799,US,negative,UK
2800,US,negative,UK
2801,US,negative,UK
2802,US,negative,UK
2803,US,negative,UK
2804,US,negative,UK
2805,US,negative,UK
2806,US,negative,UK
2807,US,negative,UK
2808,US,negative,UK
2809,US,negative,UK
2810,US,negative,UK
2811,US,negative,UK
2812,US,negative,UK
2813,US,negative,UK
2814,US,negative,UK
2815,US,negative,UK
2816,US,negative,UK
2817,US,negative,UK
2818,US,negative,UK
2819,US,negative,UK
2820,US,negative,UK
2821,US,negative,UK
2822,US,negative,UK
2823,US,negative,UK
2824,US,negative,UK
2825,US,negative,UK
2826,US,negative,UK
2827,US,negative,UK
2828,US,negative,UK
2829,US,negative,UK
2830,US,negative,UK
2831,US,negative,UK
2832,US,negative,UK
2833,US,negative,UK
2834,US,negative,UK
2835,US,negative,UK
2836,US,negative,UK
2837,US,negative,UK
2838,US,negative,UK
2839,US,negative,UK
2840,US,negative,UK
2841,US,negative,UK
2842,US,negative,UK
2843,US,negative,UK
2844,US,negative,UK
2845,US,negative,UK
2846,US,negative,UK
2847,US,negative,UK
2848,US,negative,UK
2849,US,negative,UK
2850,US,negative,UK
2851,US,negative,UK
2852,US,negative,UK
2853,US,negative,UK
2854,US,negative,UK
2855,US,negative,UK
2856,US,negative,UK
2857,US,negative,UK
2858,US,negative,UK
2859,US,negative,UK
2860,US,negative,UK
2861,US,negative,UK
2862,US,negative,UK
2863,US,negative,UK
2864,US,negative,UK
2865,US,negative,UK
2866,US,negative,UK
2867,US,negative,UK
2868,US,negative,UK
2869,US,negative,UK
2870,US,negative,UK
2871,US,negative,UK
2872,US,negative,UK
2873,US,negative,UK
2874,US,negative,UK
2875,US,negative,UK
2876,US,negative,UK
2877,US,negative,UK
2878,US,negative,UK
2879,US,negative,UK
2880,US,negative,UK
2881,US,negative,UK
2882,US,negative,UK
2883,US,negative,UK
2884,US,negative,UK
2885,US,negative,UK
2886,US,negative,UK
2887,US,negative,UK
2888,US,negative,UK
2889,US,negative,UK
2890,US,negative,UK
2891,US,negative,UK
2892,US,negative,UK
2893,US,negative,UK
2894,US,negative,UK
2895,US,negative,UK
2896,US,negative,UK
2897,US,negative,UK
2898,US,negative,UK
2899,US,negative,UK
2900,US,negative,UK
2901,US,negative,UK
2902,US,negative,UK
2903,US,negative,UK
2904,US,negative,UK
2905,US,negative,UK
2906,US,negative,UK
2907,US,negative,UK
2908,US,negative,UK
2909,US,negative,UK
2910,US,negative,UK
2911,US,negative,UK
2912,US,negative,UK
2913,US,negative,UK
2914,US,negative,UK
2915,US,negative,UK
2916,US,negative,UK
2917,US,negative,UK
2918,US,negative,UK
2919,US,negative,UK
2920,US,negative,UK
2921,US,negative,UK
2922,US,negative,UK
2923,US,negative,UK
2924,US,negative,UK
2925,US,negative,UK
2926,US,negative,UK
2927,US,negative,UK
2928,US,negative,UK
2929,US,negative,UK
2930,US,negative,UK
2931,US,negative,UK
2932,US,negative,UK
2933,US,negative,UK
2934,US,negative,UK
2935,US,negative,UK
2936,US,negative,UK
2937,US,negative,UK
2938,US,negative,UK
2939,US,negative,UK
2940,US,negative,UK
2941,US,negative,UK
2942,US,negative,UK
2943,US,negative,UK
2944,US,negative,UK
2945,US,negative,UK
2946,US,negative,UK
2947,US,negative,UK
2948,US,negative,UK
2949,US,negative,UK
2950,US,negative,UK
2951,US,negative,UK
2952,US,negative,UK
2953,US,negative,UK
2954,US,negative,UK
2955,US,negative,UK
2956,US,negative,UK
2957,US,negative,UK
2958,US,negative,UK
2959,US,negative,UK
2960,US,negative,UK
2961,US,negative,UK
2962,US,negative,UK
2963,US,negative,UK
2964,US,negative,UK
2965,US,negative,UK
2966,US,negative,UK
2967,US,negative,UK
2968,US,negative,UK
2969,US,negative,UK
2970,US,negative,UK
2971,US,negative,UK
2972,US,negative,UK
2973,US,negative,UK
2974,US,negative,UK
2975,US,negative,UK
2976,US,negative,UK
2977,US,negative,UK
2978,US,negative,UK
2979,US,negative,UK
2980,US,negative,UK
2981,US,negative,UK
2982,US,negative,UK
2983,US,negative,UK
2984,US,negative,UK
2985,US,negative,UK
2986,US,negative,UK
2987,US,negative,UK
2988,US,negative,UK
2989,US,negative,UK
2990,US,negative,UK
2991,US,negative,UK
2992,US,negative,UK
2993,US,negative,UK
2994,US,negative,UK
2995,US,negative,UK
2996,US,negative,UK
2997,US,negative,UK
2998,US,negative,UK
2999,US,negative,UK
3000,US,negative,UK
3001,US,negative,UK
3002,US,negative,UK
3003,US,negative,UK
3004,US,negative,UK
3005,US,negative,UK
3006,US,negative,UK
3007,US,negative,UK
3008,US,negative,UK
3009,US,negative,UK
3010,US,negative,UK
3011,US,negative,UK
3012,US,negative,UK
3013,US,negative,UK
3014,US,negative,UK
3015,US,negative,UK
3016,US,negative,UK
3017,US,negative,UK
3018,US,negative,UK
3019,US,negative,UK
3020,US,negative,UK
3021,US,negative,UK
3022,US,negative,UK
3023,US,negative,UK
3024,US,negative,UK
3025,US,negative,UK
3026,US,negative,UK
3027,US,negative,UK
3028,US,negative,UK
3029,US,negative,UK
3030,US,negative,UK
3031,US,negative,UK
3032,US,negative,UK
3033,US,negative,UK
3034,US,negative,UK
3035,US,negative,UK
3036,US,negative,UK
3037,US,negative,UK
3038,US,negative,UK
3039,US,negative,UK
3040,US,negative,UK
3041,US,negative,UK
3042,US,negative,UK
3043,US,negative,UK
3044,US,negative,UK
3045,US,negative,UK
3046,US,negative,UK
3047,US,negative,UK
3048,US,negative,UK
3049,US,negative,UK
3050,US,negative,UK
3051,US,negative,UK
3052,US,negative,UK
3053,US,negative,UK
3054,US,negative,UK
3055,US,negative,UK
3056,US,negative,UK
3057,US,negative,UK
3058,US,negative,UK
3059,US,negative,UK
3060,US,negative,UK
3061,US,negative,UK
3062,US,negative,UK
3063,US,negative,UK
3064,US,negative,UK
3065,US,negative,UK
3066,US,negative,UK
3067,US,negative,UK
3068,US,negative,UK
3069,US,negative,UK
3070,US,negative,UK
3071,US,negative,UK
3072,US,negative,UK
3073,US,negative,UK
3074,US,negative,UK
3075,US,negative,UK
3076,US,negative,UK
3077,US,negative,UK
3078,US,negative,UK
3079,US,negative,UK
3080,US,neutral,UK
3081,US,neutral,UK
3082,US,neutral,UK
3083,US,neutral,UK
3084,US,neutral,UK
3085,US,neutral,UK
3086,US,neutral,UK
3087,US,neutral,UK
3088,US,neutral,UK
3089,US,neutral,UK
3090,US,neutral,UK
3091,US,neutral,UK
3092,US,neutral,UK
3093,US,neutral,UK
3094,US,neutral,UK
3095,US,neutral,UK
3096,US,neutral,UK
3097,US,neutral,UK
3098,US,neutral,UK
3099,US,neutral,UK
3100,US,neutral,UK
3101,US,neutral,UK
3102,US,neutral,UK
3103,US,neutral,UK
3104,US,neutral,UK
3105,US,neutral,UK
3106,US,neutral,UK
3107,US,neutral,UK
3108,US,neutral,UK
3109,US,neutral,UK
3110,US,neutral,UK
3111,US,neutral,UK
3112,US,neutral,UK
3113,US,neutral,UK
3114,US,neutral,UK
3115,US,neutral,UK
3116,US,neutral,UK
3117,US,neutral,UK
3118,US,neutral,UK
3119,US,neutral,UK
3120,US,neutral,UK
3121,US,neutral,UK
3122,US,neutral,UK
3123,US,neutral,UK
3124,US,neutral,UK
3125,US,neutral,UK
3126,US,neutral,UK
3127,US,neutral,UK
3128,US,neutral,UK
3129,US,neutral,UK
3130,US,neutral,UK
3131,US,neutral,UK
3132,US,neutral,UK
3133,US,neutral,UK
3134,US,neutral,UK
3135,US,neutral,UK
3136,US,neutral,UK
3137,US,neutral,UK
3138,US,neutral,UK
3139,US,neutral,UK
3140,US,neutral,UK
3141,US,neutral,UK
3142,US,neutral,UK
3143,US,neutral,UK
3144,US,neutral,UK
3145,US,neutral,UK
3146,US,neutral,UK
3147,US,neutral,UK
3148,US,neutral,UK
3149,US,neutral,UK
3150,US,neutral,UK
3151,US,neutral,UK
3152,US,neutral,UK
3153,US,neutral,UK
3154,US,neutral,UK
3155,US,neutral,UK
3156,US,neutral,UK
3157,US,neutral,UK
3158,US,neutral,UK
3159,US,neutral,UK
3160,US,neutral,UK
3161,US,neutral,UK
3162,US,neutral,UK
3163,US,neutral,UK
3164,US,neutral,UK
3165,US,neutral,UK
3166,US,neutral,UK
3167,US,neutral,UK
3168,US,neutral,UK
3169,US,neutral,UK
3170,US,neutral,UK
3171,US,neutral,UK
3172,US,neutral,UK
3173,US,neutral,UK
3174,US,neutral,UK
3175,US,neutral,UK
3176,US,neutral,UK
3177,US,neutral,UK
3178,US,neutral,UK
3179,US,neutral,UK
3180,US,neutral,UK
3181,US,neutral,UK
3182,US,neutral,UK
3183,US,neutral,UK
3184,US,neutral,UK
3185,US,neutral,UK
3186,US,neutral,UK
3187,US,neutral,UK
3188,US,neutral,UK
3189,US,neutral,UK
3190,US,neutral,UK
3191,US,neutral,UK
3192,US,neutral,UK
3193,US,neutral,UK
3194,US,neutral,UK
3195,US,neutral,UK
3196,US,neutral,UK
3197,US,neutral,UK
3198,US,neutral,UK
3199,US,neutral,UK
3200,US,neutral,UK
3201,US,neutral,UK
3202,US,neutral,UK
3203,US,neutral,UK
3204,US,neutral,UK
3205,US,neutral,UK
3206,US,neutral,UK
3207,US,neutral,UK
3208,US,neutral,UK
3209,US,neutral,UK
3210,US,neutral,UK
3211,US,neutral,UK
3212,US,neutral,UK
3213,US,neutral,UK
3214,US,neutral,UK
3215,US,neutral,UK
3216,US,neutral,UK
3217,US,neutral,UK
3218,US,neutral,UK
3219,US,neutral,UK
3220,US,neutral,UK
3221,US,neutral,UK
3222,US,neutral,UK
3223,US,neutral,UK
3224,US,neutral,UK
3225,US,neutral,UK
3226,US,neutral,UK
3227,US,neutral,UK
3228,US,neutral,UK
3229,US,neutral,UK
3230,US,neutral,UK
3231,US,neutral,UK
3232,US,neutral,UK
3233,US,neutral,UK
3234,US,neutral,UK
3235,US,neutral,UK
3236,US,neutral,UK
3237,US,neutral,UK
3238,US,neutral,UK
3239,US,neutral,UK
3240,US,neutral,UK
3241,US,neutral,UK
3242,US,neutral,UK
3243,US,neutral,UK
3244,US,neutral,UK
3245,US,neutral,UK
3246,US,neutral,UK
3247,US,neutral,UK
3248,US,neutral,UK
3249,US,neutral,UK
3250,US,neutral,UK
3251,US,neutral,UK
3252,US,neutral,UK
3253,US,neutral,UK
3254,US,neutral,UK
3255,US,neutral,UK
3256,US,neutral,UK
3257,US,neutral,UK
3258,US,neutral,UK
3259,US,neutral,UK
3260,US,neutral,UK
3261,US,neutral,UK
3262,US,neutral,UK
3263,US,neutral,UK
3264,US,neutral,UK
3265,US,neutral,UK
3266,US,neutral,UK
3267,US,neutral,UK
3268,US,neutral,UK
3269,US,neutral,UK
3270,US,neutral,UK
3271,US,neutral,UK
3272,US,neutral,UK
3273,US,neutral,UK
3274,US,neutral,UK
3275,US,neutral,UK
3276,US,neutral,UK
3277,US,neutral,UK
3278,US,neutral,UK
3279,US,neutral,UK
3280,US,neutral,UK
3281,US,neutral,UK
3282,US,neutral,UK
3283,US,neutral,UK
3284,US,neutral,UK
3285,US,neutral,UK
3286,US,neutral,UK
3287,US,neutral,UK
3288,US,neutral,UK
3289,US,neutral,UK
3290,US,neutral,UK
3291,US,neutral,UK
3292,US,neutral,UK
3293,US,neutral,UK
3294,US,neutral,UK
3295,US,neutral,UK
3296,US,neutral,UK
3297,US,neutral,UK
3298,US,neutral,UK
3299,US,neutral,UK
3300,US,neutral,UK
3301,US,neutral,UK
3302,US,neutral,UK
3303,US,neutral,UK
3304,US,neutral,UK
3305,US,neutral,UK
3306,US,neutral,UK
3307,US,neutral,UK
3308,US,neutral,UK
3309,US,neutral,UK
3310,US,neutral,UK
3311,US,neutral,UK
3312,US,neutral,UK
3313,US,neutral,UK
3314,US,neutral,UK
3315,US,neutral,UK
3316,US,neutral,UK
3317,US,neutral,UK
3318,US,neutral,UK
3319,US,neutral,UK
3320,US,neutral,UK
3321,US,neutral,UK
3322,US,neutral,UK
3323,US,neutral,UK
3324,US,neutral,UK
3325,US,neutral,UK
3326,US,neutral,UK
3327,US,neutral,UK
3328,US,neutral,UK
3329,US,neutral,UK
3330,US,neutral,UK
3331,US,neutral,UK
3332,US,neutral,UK
3333,US,neutral,UK
3334,US,neutral,UK
3335,US,neutral,UK
3336,US,neutral,UK
3337,US,neutral,UK
3338,US,neutral,UK
3339,US,neutral,UK
3340,US,neutral,UK
3341,US,neutral,UK
3342,US,neutral,UK
3343,US,neutral,UK
3344,US,neutral,UK
3345,US,neutral,UK
3346,US,neutral,UK
3347,US,neutral,UK
3348,US,neutral,UK
3349,US,neutral,UK
3350,US,neutral,UK
3351,US,neutral,UK
3352,US,neutral,UK
3353,US,neutral,UK
3354,US,neutral,UK
3355,US,neutral,UK
3356,US,neutral,UK
3357,US,neutral,UK
3358,US,neutral,UK
3359,US,neutral,UK
3360,US,neutral,UK
3361,US,neutral,UK
3362,US,neutral,UK
3363,US,neutral,UK
3364,US,neutral,UK
3365,US,neutral,UK
3366,US,neutral,UK
3367,US,neutral,UK
3368,US,neutral,UK
3369,US,neutral,UK
3370,US,neutral,UK
3371,US,neutral,UK
3372,US,neutral,UK
3373,US,neutral,UK
3374,US,neutral,UK
3375,US,neutral,UK
3376,US,neutral,UK
3377,US,neutral,UK
3378,US,neutral,UK
3379,US,neutral,UK
3380,US,neutral,UK
3381,US,neutral,UK
3382,US,neutral,UK
3383,US,neutral,UK
3384,US,neutral,UK
3385,US,neutral,UK
3386,US,neutral,UK
3387,US,neutral,UK
3388,US,neutral,UK
3389,US,neutral,UK
3390,US,neutral,UK
3391,US,neutral,UK
3392,US,neutral,UK
3393,US,neutral,UK
3394,US,neutral,UK
3395,US,neutral,UK
3396,US,neutral,UK
3397,US,neutral,UK
3398,US,neutral,UK
3399,US,neutral,UK
3400,US,neutral,UK
3401,US,neutral,UK
3402,US,neutral,UK
3403,US,neutral,UK
3404,US,neutral,UK
3405,US,neutral,UK
3406,US,neutral,UK
3407,US,neutral,UK
3408,US,neutral,UK
3409,US,neutral,UK
3410,US,neutral,UK
3411,US,neutral,UK
3412,US,neutral,UK
3413,US,neutral,UK
3414,US,neutral,UK
3415,US,neutral,UK
3416,US,neutral,UK
3417,US,neutral,UK
3418,US,neutral,UK
3419,US,neutral,UK
3420,US,neutral,UK
3421,US,neutral,UK
3422,US,neutral,UK
3423,US,neutral,UK
3424,US,neutral,UK
3425,US,neutral,UK
3426,US,neutral,UK
3427,US,neutral,UK
3428,US,neutral,UK
3429,US,neutral,UK
3430,US,neutral,UK
3431,US,neutral,UK
3432,US,neutral,UK
3433,US,neutral,UK
3434,US,neutral,UK
3435,US,neutral,UK
3436,US,neutral,UK
3437,US,neutral,UK
3438,US,neutral,UK
3439,US,neutral,UK
3440,US,neutral,UK
3441,US,neutral,UK
3442,US,neutral,UK
3443,US,neutral,UK
3444,US,neutral,UK
3445,US,neutral,UK
3446,US,neutral,UK
3447,US,neutral,UK
3448,US,neutral,UK
3449,US,neutral,UK
3450,US,neutral,UK
3451,US,neutral,UK
3452,US,neutral,UK
3453,US,neutral,UK
3454,US,neutral,UK
3455,US,neutral,UK
3456,US,neutral,UK
3457,US,neutral,UK
3458,US,neutral,UK
3459,US,neutral,UK
3460,US,neutral,UK
3461,US,neutral,UK
3462,US,neutral,UK
3463,US,neutral,UK
3464,US,neutral,UK
3465,US,neutral,UK
3466,US,neutral,UK
3467,US,neutral,UK
3468,US,neutral,UK
3469,US,neutral,UK
3470,US,neutral,UK
3471,US,neutral,UK
3472,US,neutral,UK
3473,US,neutral,UK
3474,US,neutral,UK
3475,US,neutral,UK
3476,US,neutral,UK
3477,US,neutral,UK
3478,US,neutral,UK
3479,US,neutral,UK
3480,US,neutral,UK
3481,US,neutral,UK
3482,US,neutral,UK
3483,US,neutral,UK
3484,US,neutral,UK
3485,US,neutral,UK
3486,US,neutral,UK
3487,US,neutral,UK
3488,US,neutral,UK
3489,US,neutral,UK
3490,US,neutral,UK
3491,US,neutral,UK
3492,US,neutral,UK
3493,US,neutral,UK
3494,US,neutral,UK
3495,US,neutral,UK
3496,US,neutral,UK
3497,US,neutral,UK
3498,US,neutral,UK
3499,US,neutral,UK
3500,US,neutral,UK
3501,US,neutral,UK
3502,US,neutral,UK
3503,US,neutral,UK
3504,US,neutral,UK
3505,US,neutral,UK
3506,US,neutral,UK
3507,US,neutral,UK
3508,US,neutral,UK
3509,US,neutral,UK
0,UK,positive,UK
1,UK,positive,UK
2,UK,positive,UK
3,UK,positive,UK
4,UK,positive,UK
5,UK,positive,UK
6,UK,positive,UK
7,UK,positive,UK
8,UK,positive,UK
9,UK,positive,UK
10,UK,positive,UK
11,UK,positive,UK
12,UK,positive,UK
13,UK,positive,UK
14,UK,positive,UK
15,UK,positive,UK
16,UK,positive,UK
17,UK,positive,UK
18,UK,positive,UK
19,UK,positive,UK
20,UK,positive,UK
21,UK,positive,UK
22,UK,positive,UK
23,UK,positive,UK
24,UK,positive,UK
25,UK,positive,UK
26,UK,positive,UK
27,UK,positive,UK
28,UK,positive,UK
29,UK,positive,UK
30,UK,positive,UK
31,UK,positive,UK
32,UK,positive,UK
33,UK,positive,UK
34,UK,positive,UK
35,UK,positive,UK
36,UK,positive,UK
37,UK,positive,UK
38,UK,positive,UK
39,UK,positive,UK
40,UK,positive,UK
41,UK,positive,UK
42,UK,positive,UK
43,UK,positive,UK
44,UK,positive,UK
45,UK,positive,UK
46,UK,positive,UK
47,UK,positive,UK
48,UK,positive,UK
49,UK,positive,UK
50,UK,positive,UK
51,UK,positive,UK
52,UK,positive,UK
53,UK,positive,UK
54,UK,positive,UK
55,UK,positive,UK
56,UK,positive,UK
57,UK,positive,UK
58,UK,positive,UK
59,UK,positive,UK
60,UK,positive,UK
61,UK,positive,UK
62,UK,positive,UK
63,UK,positive,UK
64,UK,positive,UK
65,UK,positive,UK
66,UK,positive,UK
67,UK,positive,UK
68,UK,positive,UK
69,UK,positive,UK
70,UK,positive,UK
71,UK,positive,UK
72,UK,positive,UK
73,UK,positive,UK
74,UK,positive,UK
75,UK,positive,UK
76,UK,positive,UK
77,UK,positive,UK
78,UK,positive,UK
79,UK,positive,UK
80,UK,positive,UK
81,UK,positive,UK
82,UK,positive,UK
83,UK,positive,UK
84,UK,positive,UK
85,UK,positive,UK
86,UK,positive,UK
87,UK,positive,UK
88,UK,positive,UK
89,UK,positive,UK
90,UK,positive,UK
91,UK,positive,UK
92,UK,positive,UK
93,UK,positive,UK
94,UK,positive,UK
95,UK,positive,UK
96,UK,positive,UK
97,UK,positive,UK
98,UK,positive,UK
99,UK,positive,UK
100,UK,positive,UK
101,UK,positive,UK
102,UK,positive,UK
103,UK,positive,UK
104,UK,positive,UK
105,UK,positive,UK
106,UK,positive,UK
107,UK,positive,UK
108,UK,positive,UK
109,UK,positive,UK
110,UK,positive,UK
111,UK,positive,UK
112,UK,positive,UK
113,UK,positive,UK
114,UK,positive,UK
115,UK,positive,UK
116,UK,positive,UK
117,UK,positive,UK
118,UK,positive,UK
119,UK,positive,UK
120,UK,positive,UK
121,UK,positive,UK
122,UK,positive,UK
123,UK,positive,UK
124,UK,positive,UK
125,UK,positive,UK
126,UK,positive,UK
127,UK,positive,UK
128,UK,positive,UK
129,UK,positive,UK
130,UK,positive,UK
131,UK,positive,UK
132,UK,positive,UK
133,UK,positive,UK
134,UK,positive,UK
135,UK,positive,UK
136,UK,positive,UK
137,UK,positive,UK
138,UK,positive,UK
139,UK,positive,UK
140,UK,positive,UK
141,UK,positive,UK
142,UK,positive,UK
143,UK,positive,UK
144,UK,positive,UK
145,UK,positive,UK
146,UK,positive,UK
147,UK,positive,UK
148,UK,positive,UK
149,UK,positive,UK
150,UK,positive,UK
151,UK,positive,UK
152,UK,positive,UK
153,UK,positive,UK
154,UK,positive,UK
155,UK,positive,UK
156,UK,positive,UK
157,UK,positive,UK
158,UK,positive,UK
159,UK,positive,UK
160,UK,positive,UK
161,UK,positive,UK
162,UK,positive,UK
163,UK,positive,UK
164,UK,positive,UK
165,UK,positive,UK
166,UK,positive,UK
167,UK,positive,UK
168,UK,positive,UK
169,UK,positive,UK
170,UK,positive,UK
171,UK,positive,UK
172,UK,positive,UK
173,UK,positive,UK
174,UK,positive,UK
175,UK,positive,UK
176,UK,positive,UK
177,UK,positive,UK
178,UK,positive,UK
179,UK,positive,UK
180,UK,positive,UK
181,UK,positive,UK
182,UK,positive,UK
183,UK,positive,UK
184,UK,positive,UK
185,UK,positive,UK
186,UK,positive,UK
187,UK,positive,UK
188,UK,positive,UK
189,UK,positive,UK
190,UK,positive,UK
191,UK,positive,UK
192,UK,positive,UK
193,UK,positive,UK
194,UK,positive,UK
195,UK,positive,UK
196,UK,positive,UK
197,UK,positive,UK
198,UK,positive,UK
199,UK,positive,UK
200,UK,positive,UK
201,UK,positive,UK
202,UK,positive,UK
203,UK,positive,UK
204,UK,positive,UK
205,UK,positive,UK
206,UK,positive,UK
207,UK,positive,UK
208,UK,positive,UK
209,UK,positive,UK
210,UK,positive,UK
211,UK,positive,UK
212,UK,positive,UK
213,UK,positive,UK
214,UK,positive,UK
215,UK,positive,UK
216,UK,positive,UK
217,UK,positive,UK
218,UK,positive,UK
219,UK,positive,UK
220,UK,positive,UK
221,UK,positive,UK
222,UK,positive,UK
223,UK,positive,UK
224,UK,positive,UK
225,UK,positive,UK
226,UK,positive,UK
227,UK,positive,UK
228,UK,positive,UK
229,UK,positive,UK
230,UK,positive,UK
231,UK,positive,UK
232,UK,positive,UK
233,UK,positive,UK
234,UK,positive,UK
235,UK,positive,UK
236,UK,positive,UK
237,UK,positive,UK
238,UK,positive,UK
239,UK,positive,UK
240,UK,positive,UK
241,UK,positive,UK
242,UK,positive,UK
243,UK,positive,UK
244,UK,positive,UK
245,UK,positive,UK
246,UK,positive,UK
247,UK,positive,UK
248,UK,positive,UK
249,UK,positive,UK
250,UK,positive,UK
251,UK,positive,UK
252,UK,positive,UK
253,UK,positive,UK
254,UK,positive,UK
255,UK,positive,UK
256,UK,positive,UK
257,UK,positive,UK
258,UK,positive,UK
259,UK,positive,UK
260,UK,positive,UK
261,UK,positive,UK
262,UK,positive,UK
263,UK,positive,UK
264,UK,positive,UK
265,UK,positive,UK
266,UK,positive,UK
267,UK,positive,UK
268,UK,positive,UK
269,UK,positive,UK
270,UK,positive,UK
271,UK,positive,UK
272,UK,positive,UK
273,UK,positive,UK
274,UK,positive,UK
275,UK,positive,UK
276,UK,positive,UK
277,UK,positive,UK
278,UK,positive,UK
279,UK,positive,UK
280,UK,positive,UK
281,UK,positive,UK
282,UK,positive,UK
283,UK,positive,UK
284,UK,positive,UK
285,UK,positive,UK
286,UK,positive,UK
287,UK,positive,UK
288,UK,positive,UK
289,UK,positive,UK
290,UK,positive,UK
291,UK,positive,UK
292,UK,positive,UK
293,UK,positive,UK
294,UK,positive,UK
295,UK,positive,UK
296,UK,positive,UK
297,UK,positive,UK
298,UK,positive,UK
299,UK,positive,UK
300,UK,positive,UK
301,UK,positive,UK
302,UK,positive,UK
303,UK,positive,UK
304,UK,positive,UK
305,UK,positive,UK
306,UK,positive,UK
307,UK,positive,UK
308,UK,positive,UK
309,UK,positive,UK
310,UK,positive,UK
311,UK,positive,UK
312,UK,positive,UK
313,UK,positive,UK
314,UK,positive,UK
315,UK,positive,UK
316,UK,positive,UK
317,UK,positive,UK
318,UK,positive,UK
319,UK,positive,UK
320,UK,positive,UK
321,UK,positive,UK
322,UK,positive,UK
323,UK,positive,UK
324,UK,positive,UK
325,UK,positive,UK
326,UK,positive,UK
327,UK,positive,UK
328,UK,positive,UK
329,UK,positive,UK
330,UK,positive,UK
331,UK,positive,UK
332,UK,positive,UK
333,UK,positive,UK
334,UK,positive,UK
335,UK,positive,UK
336,UK,positive,UK
337,UK,positive,UK
338,UK,positive,UK
339,UK,positive,UK
340,UK,positive,UK
341,UK,positive,UK
342,UK,positive,UK
343,UK,positive,UK
344,UK,positive,UK
345,UK,positive,UK
346,UK,positive,UK
347,UK,positive,UK
348,UK,positive,UK
349,UK,positive,UK
350,UK,positive,UK
351,UK,positive,UK
352,UK,positive,UK
353,UK,positive,UK
354,UK,positive,UK
355,UK,positive,UK
356,UK,positive,UK
357,UK,positive,UK
358,UK,positive,UK
359,UK,positive,UK
360,UK,positive,UK
361,UK,positive,UK
362,UK,positive,UK
363,UK,positive,UK
364,UK,positive,UK
365,UK,positive,UK
366,UK,positive,UK
367,UK,positive,UK
368,UK,positive,UK
369,UK,positive,UK
370,UK,positive,UK
371,UK,positive,UK
372,UK,positive,UK
373,UK,positive,UK
374,UK,positive,UK
375,UK,positive,UK
376,UK,positive,UK
377,UK,positive,UK
378,UK,positive,UK
379,UK,positive,UK
380,UK,positive,UK
381,UK,positive,UK
382,UK,positive,UK
383,UK,positive,UK
384,UK,positive,UK
385,UK,positive,UK
386,UK,positive,UK
387,UK,positive,UK
388,UK,positive,UK
389,UK,positive,UK
390,UK,positive,UK
391,UK,positive,UK
392,UK,positive,UK
393,UK,positive,UK
394,UK,positive,UK
395,UK,positive,UK
396,UK,positive,UK
397,UK,positive,UK
398,UK,positive,UK
399,UK,positive,UK
400,UK,positive,UK
401,UK,positive,UK
402,UK,positive,UK
403,UK,positive,UK
404,UK,positive,UK
405,UK,positive,UK
406,UK,positive,UK
407,UK,positive,UK
408,UK,positive,UK
409,UK,positive,UK
410,UK,positive,UK
411,UK,positive,UK
412,UK,positive,UK
413,UK,positive,UK
414,UK,positive,UK
415,UK,positive,UK
416,UK,positive,UK
417,UK,positive,UK
418,UK,positive,UK
419,UK,positive,UK
420,UK,negative,UK
421,UK,negative,UK
422,UK,negative,UK
423,UK,negative,UK
424,UK,negative,UK
425,UK,negative,UK
426,UK,negative,UK
427,UK,negative,UK
428,UK,negative,UK
429,UK,negative,UK
430,UK,negative,UK
431,UK,negative,UK
432,UK,negative,UK
433,UK,negative,UK
434,UK,negative,UK
435,UK,negative,UK
436,UK,negative,UK
437,UK,negative,UK
438,UK,negative,UK
439,UK,negative,UK
440,UK,negative,UK
441,UK,negative,UK
442,UK,negative,UK
443,UK,negative,UK
444,UK,negative,UK
445,UK,negative,UK
446,UK,negative,UK
447,UK,negative,UK
448,UK,negative,UK
449,UK,negative,UK
450,UK,negative,UK
451,UK,negative,UK
452,UK,negative,UK
453,UK,negative,UK
454,UK,negative,UK
455,UK,negative,UK
456,UK,negative,UK
457,UK,negative,UK
458,UK,negative,UK
459,UK,negative,UK
460,UK,negative,UK
461,UK,negative,UK
462,UK,negative,UK
463,UK,negative,UK
464,UK,negative,UK
465,UK,negative,UK
466,UK,negative,UK
467,UK,negative,UK
468,UK,negative,UK
469,UK,negative,UK
470,UK,negative,UK
471,UK,negative,UK
472,UK,negative,UK
473,UK,negative,UK
474,UK,negative,UK
475,UK,negative,UK
476,UK,negative,UK
477,UK,negative,UK
478,UK,negative,UK
479,UK,negative,UK
480,UK,negative,UK
481,UK,negative,UK
482,UK,negative,UK
483,UK,negative,UK
484,UK,negative,UK
485,UK,negative,UK
486,UK,negative,UK
487,UK,negative,UK
488,UK,negative,UK
489,UK,negative,UK
490,UK,negative,UK
491,UK,negative,UK
492,UK,negative,UK
493,UK,negative,UK
494,UK,negative,UK
495,UK,negative,UK
496,UK,negative,UK
497,UK,negative,UK
498,UK,negative,UK
499,UK,negative,UK
500,UK,negative,UK
501,UK,negative,UK
502,UK,negative,UK
503,UK,negative,UK
504,UK,negative,UK
505,UK,negative,UK
506,UK,negative,UK
507,UK,negative,UK
508,UK,negative,UK
509,UK,negative,UK
510,UK,negative,UK
511,UK,negative,UK
512,UK,negative,UK
513,UK,negative,UK
514,UK,negative,UK
515,UK,negative,UK
516,UK,negative,UK
517,UK,negative,UK
518,UK,negative,UK
519,UK,negative,UK
520,UK,negative,UK
521,UK,negative,UK
522,UK,negative,UK
523,UK,negative,UK
524,UK,negative,UK
525,UK,negative,UK
526,UK,negative,UK
527,UK,negative,UK
528,UK,negative,UK
529,UK,negative,UK
530,UK,negative,UK
531,UK,negative,UK
532,UK,negative,UK
533,UK,negative,UK
534,UK,negative,UK
535,UK,negative,UK
536,UK,negative,UK
537,UK,negative,UK
538,UK,negative,UK
539,UK,negative,UK
540,UK,negative,UK
541,UK,negative,UK
542,UK,negative,UK
543,UK,negative,UK
544,UK,negative,UK
545,UK,negative,UK
546,UK,negative,UK
547,UK,negative,UK
548,UK,negative,UK
549,UK,negative,UK
550,UK,negative,UK
551,UK,negative,UK
552,UK,negative,UK
553,UK,negative,UK
554,UK,negative,UK
555,UK,negative,UK
556,UK,negative,UK
557,UK,negative,UK
558,UK,negative,UK
559,UK,negative,UK
560,UK,negative,UK
561,UK,negative,UK
562,UK,negative,UK
563,UK,negative,UK
564,UK,negative,UK
565,UK,negative,UK
566,UK,negative,UK
567,UK,negative,UK
568,UK,negative,UK
569,UK,negative,UK
570,UK,negative,UK
571,UK,negative,UK
572,UK,negative,UK
573,UK,negative,UK
574,UK,negative,UK
575,UK,negative,UK
576,UK,negative,UK
577,UK,negative,UK
578,UK,negative,UK
579,UK,negative,UK
580,UK,negative,UK
581,UK,negative,UK
582,UK,negative,UK
583,UK,negative,UK
584,UK,negative,UK
585,UK,negative,UK
586,UK,negative,UK
587,UK,negative,UK
588,UK,negative,UK
589,UK,negative,UK
590,UK,negative,UK
591,UK,negative,UK
592,UK,negative,UK
593,UK,negative,UK
594,UK,negative,UK
595,UK,negative,UK
596,UK,negative,UK
597,UK,negative,UK
598,UK,negative,UK
599,UK,negative,UK
600,UK,negative,UK
601,UK,negative,UK
602,UK,negative,UK
603,UK,negative,UK
604,UK,negative,UK
605,UK,negative,UK
606,UK,negative,UK
607,UK,negative,UK
608,UK,negative,UK
609,UK,negative,UK
610,UK,negative,UK
611,UK,negative,UK
612,UK,negative,UK
613,UK,negative,UK
614,UK,negative,UK
615,UK,negative,UK
616,UK,negative,UK
617,UK,negative,UK
618,UK,negative,UK
619,UK,negative,UK
620,UK,negative,UK
621,UK,negative,UK
622,UK,negative,UK
623,UK,negative,UK
624,UK,negative,UK
625,UK,negative,UK
626,UK,negative,UK
627,UK,negative,UK
628,UK,negative,UK
629,UK,negative,UK
630,UK,negative,UK
631,UK,negative,UK
632,UK,negative,UK
633,UK,negative,UK
634,UK,negative,UK
635,UK,negative,UK
636,UK,negative,UK
637,UK,negative,UK
638,UK,negative,UK
639,UK,negative,UK
640,UK,negative,UK
641,UK,negative,UK
642,UK,negative,UK
643,UK,negative,UK
644,UK,negative,UK
645,UK,negative,UK
646,UK,negative,UK
647,UK,negative,UK
648,UK,negative,UK
649,UK,negative,UK
650,UK,negative,UK
651,UK,negative,UK
652,UK,negative,UK
653,UK,negative,UK
654,UK,negative,UK
655,UK,negative,UK
656,UK,negative,UK
657,UK,negative,UK
658,UK,negative,UK
659,UK,negative,UK
660,UK,negative,UK
661,UK,negative,UK
662,UK,negative,UK
663,UK,negative,UK
664,UK,negative,UK
665,UK,negative,UK
666,UK,negative,UK
667,UK,negative,UK
668,UK,negative,UK
669,UK,negative,UK
670,UK,negative,UK
671,UK,negative,UK
672,UK,negative,UK
673,UK,negative,UK
674,UK,negative,UK
675,UK,negative,UK
676,UK,negative,UK
677,UK,negative,UK
678,UK,negative,UK
679,UK,negative,UK
680,UK,negative,UK
681,UK,negative,UK
682,UK,negative,UK
683,UK,negative,UK
684,UK,negative,UK
685,UK,negative,UK
686,UK,negative,UK
687,UK,negative,UK
688,UK,negative,UK
689,UK,negative,UK
690,UK,negative,UK
691,UK,negative,UK
692,UK,negative,UK
693,UK,negative,UK
694,UK,negative,UK
695,UK,negative,UK
696,UK,negative,UK
697,UK,negative,UK
698,UK,negative,UK
699,UK,negative,UK
700,UK,negative,UK
701,UK,negative,UK
702,UK,negative,UK
703,UK,negative,UK
704,UK,negative,UK
705,UK,negative,UK
706,UK,negative,UK
707,UK,negative,UK
708,UK,negative,UK
709,UK,negative,UK
710,UK,negative,UK
711,UK,negative,UK
712,UK,negative,UK
713,UK,negative,UK
714,UK,negative,UK
715,UK,negative,UK
716,UK,negative,UK
717,UK,negative,UK
718,UK,negative,UK
719,UK,negative,UK
720,UK,negative,UK
721,UK,negative,UK
722,UK,negative,UK
723,UK,negative,UK
724,UK,negative,UK
725,UK,negative,UK
726,UK,negative,UK
727,UK,negative,UK
728,UK,negative,UK
729,UK,negative,UK
730,UK,negative,UK
731,UK,negative,UK
732,UK,negative,UK
733,UK,negative,UK
734,UK,negative,UK
735,UK,negative,UK
736,UK,negative,UK
737,UK,negative,UK
738,UK,negative,UK
739,UK,negative,UK
740,UK,negative,UK
741,UK,negative,UK
742,UK,negative,UK
743,UK,negative,UK
744,UK,negative,UK
745,UK,negative,UK
746,UK,negative,UK
747,UK,negative,UK
748,UK,negative,UK
749,UK,negative,UK
750,UK,negative,UK
751,UK,negative,UK
752,UK,negative,UK
753,UK,negative,UK
754,UK,negative,UK
755,UK,negative,UK
756,UK,negative,UK
757,UK,negative,UK
758,UK,negative,UK
759,UK,negative,UK
760,UK,negative,UK
761,UK,negative,UK
762,UK,negative,UK
763,UK,negative,UK
764,UK,negative,UK
765,UK,negative,UK
766,UK,negative,UK
767,UK,negative,UK
768,UK,negative,UK
769,UK,negative,UK
770,UK,negative,UK
771,UK,negative,UK
772,UK,negative,UK
773,UK,negative,UK
774,UK,negative,UK
775,UK,negative,UK
776,UK,negative,UK
777,UK,negative,UK
778,UK,negative,UK
779,UK,negative,UK
780,UK,negative,UK
781,UK,negative,UK
782,UK,negative,UK
783,UK,negative,UK
784,UK,negative,UK
785,UK,negative,UK
786,UK,negative,UK
787,UK,negative,UK
788,UK,negative,UK
789,UK,negative,UK
790,UK,negative,UK
791,UK,negative,UK
792,UK,negative,UK
793,UK,negative,UK
794,UK,negative,UK
795,UK,negative,UK
796,UK,negative,UK
797,UK,negative,UK
798,UK,negative,UK
799,UK,negative,UK
800,UK,negative,UK
801,UK,negative,UK
802,UK,negative,UK
803,UK,negative,UK
804,UK,negative,UK
805,UK,negative,UK
806,UK,negative,UK
807,UK,negative,UK
808,UK,negative,UK
809,UK,negative,UK
810,UK,negative,UK
811,UK,negative,UK
812,UK,negative,UK
813,UK,negative,UK
814,UK,negative,UK
815,UK,negative,UK
816,UK,negative,UK
817,UK,negative,UK
818,UK,negative,UK
819,UK,negative,UK
820,UK,negative,UK
821,UK,negative,UK
822,UK,negative,UK
823,UK,negative,UK
824,UK,negative,UK
825,UK,negative,UK
826,UK,negative,UK
827,UK,negative,UK
828,UK,negative,UK
829,UK,negative,UK
830,UK,negative,UK
831,UK,negative,UK
832,UK,negative,UK
833,UK,negative,UK
834,UK,negative,UK
835,UK,negative,UK
836,UK,negative,UK
837,UK,negative,UK
838,UK,negative,UK
839,UK,negative,UK
840,UK,neutral,UK
841,UK,neutral,UK
842,UK,neutral,UK
843,UK,neutral,UK
844,UK,neutral,UK
845,UK,neutral,UK
846,UK,neutral,UK
847,UK,neutral,UK
848,UK,neutral,UK
849,UK,neutral,UK
850,UK,neutral,UK
851,UK,neutral,UK
852,UK,neutral,UK
853,UK,neutral,UK
854,UK,neutral,UK
855,UK,neutral,UK
856,UK,neutral,UK
857,UK,neutral,UK
858,UK,neutral,UK
859,UK,neutral,UK
860,UK,neutral,UK
861,UK,neutral,UK
862,UK,neutral,UK
863,UK,neutral,UK
864,UK,neutral,UK
865,UK,neutral,UK
866,UK,neutral,UK
867,UK,neutral,UK
868,UK,neutral,UK
869,UK,neutral,UK
870,UK,neutral,UK
871,UK,neutral,UK
872,UK,neutral,UK
873,UK,neutral,UK
874,UK,neutral,UK
875,UK,neutral,UK
876,UK,neutral,UK
877,UK,neutral,UK
878,UK,neutral,UK
879,UK,neutral,UK
880,UK,neutral,UK
881,UK,neutral,UK
882,UK,neutral,UK
883,UK,neutral,UK
884,UK,neutral,UK
885,UK,neutral,UK
886,UK,neutral,UK
887,UK,neutral,UK
888,UK,neutral,UK
889,UK,neutral,UK
890,UK,neutral,UK
891,UK,neutral,UK
892,UK,neutral,UK
893,UK,neutral,UK
894,UK,neutral,UK
895,UK,neutral,UK
896,UK,neutral,UK
897,UK,neutral,UK
898,UK,neutral,UK
899,UK,neutral,UK
900,UK,neutral,UK
901,UK,neutral,UK
902,UK,neutral,UK
903,UK,neutral,UK
904,UK,neutral,UK
905,UK,neutral,UK
906,UK,neutral,UK
907,UK,neutral,UK
908,UK,neutral,UK
909,UK,neutral,UK
910,UK,neutral,UK
911,UK,neutral,UK
912,UK,neutral,UK
913,UK,neutral,UK
914,UK,neutral,UK
915,UK,neutral,UK
916,UK,neutral,UK
917,UK,neutral,UK
918,UK,neutral,UK
919,UK,neutral,UK
920,UK,neutral,UK
921,UK,neutral,UK
922,UK,neutral,UK
923,UK,neutral,UK
924,UK,neutral,UK
925,UK,neutral,UK
926,UK,neutral,UK
927,UK,neutral,UK
928,UK,neutral,UK
929,UK,neutral,UK
930,UK,neutral,UK
931,UK,neutral,UK
932,UK,neutral,UK
933,UK,neutral,UK
934,UK,neutral,UK
935,UK,neutral,UK
936,UK,neutral,UK
937,UK,neutral,UK
938,UK,neutral,UK
939,UK,neutral,UK
940,UK,neutral,UK
941,UK,neutral,UK
942,UK,neutral,UK
943,UK,neutral,UK
944,UK,neutral,UK
945,UK,neutral,UK
946,UK,neutral,UK
947,UK,neutral,UK
948,UK,neutral,UK
949,UK,neutral,UK
950,UK,neutral,UK
951,UK,neutral,UK
952,UK,neutral,UK
953,UK,neutral,UK
954,UK,neutral,UK
955,UK,neutral,UK
956,UK,neutral,UK
957,UK,neutral,UK
958,UK,neutral,UK
959,UK,neutral,UK
960,UK,neutral,UK
961,UK,neutral,UK
962,UK,neutral,UK
963,UK,neutral,UK
964,UK,neutral,UK
965,UK,neutral,UK
966,UK,neutral,UK
967,UK,neutral,UK
968,UK,neutral,UK
969,UK,neutral,UK
970,UK,neutral,UK
971,UK,neutral,UK
972,UK,neutral,UK
973,UK,neutral,UK
974,UK,neutral,UK
975,UK,neutral,UK
976,UK,neutral,UK
977,UK,neutral,UK
978,UK,neutral,UK
979,UK,neutral,UK
980,UK,neutral,UK
981,UK,neutral,UK
982,UK,neutral,UK
983,UK,neutral,UK
984,UK,neutral,UK
985,UK,neutral,UK
986,UK,neutral,UK
987,UK,neutral,UK
988,UK,neutral,UK
989,UK,neutral,UK
990,UK,neutral,UK
991,UK,neutral,UK
992,UK,neutral,UK
993,UK,neutral,UK
994,UK,neutral,UK
995,UK,neutral,UK
996,UK,neutral,UK
997,UK,neutral,UK
998,UK,neutral,UK
999,UK,neutral,UK
